epsilon,trial,action,reward
0.01,0,0,4.9432587509282095
0.01,1,0,5.063671389171788
0.01,2,0,5.0752856272508495
0.01,3,0,4.126488556939725
0.01,4,0,5.963505365262841
0.01,5,0,5.58237195180473
0.01,6,0,5.095935390632001
0.01,7,0,6.808879605436701
0.01,8,0,5.268515121366063
0.01,9,0,6.073180622062175
0.01,10,0,5.2042064128391194
0.01,11,0,5.206409626071441
0.01,12,0,5.2000532683579
0.01,13,0,4.343312757380929
0.01,14,0,2.9136734831867446
0.01,15,0,5.351738590647312
0.01,16,0,5.496270861209866
0.01,17,0,6.075706800363932
0.01,18,0,5.350151038727112
0.01,19,0,5.476490965812982
0.01,20,0,5.349875795880379
0.01,21,0,4.542412966080857
0.01,22,0,5.139585513496791
0.01,23,0,5.811637977537908
0.01,24,0,5.975507587188491
0.01,25,0,2.972170910931475
0.01,26,0,4.903196932996107
0.01,27,0,4.805477943463567
0.01,28,0,7.719473085079089
0.01,29,0,4.139947552765457
0.01,30,0,2.2547808235928164
0.01,31,0,5.437342486474234
0.01,32,0,4.576932592158645
0.01,33,0,4.644831156415409
0.01,34,0,5.585256971884627
0.01,35,0,4.458790349173389
0.01,36,0,6.104946764699244
0.01,37,0,5.88330306775275
0.01,38,0,4.5175800906554615
0.01,39,0,5.400536029429307
0.01,40,0,4.830689638954717
0.01,41,0,5.413093105521124
0.01,42,0,7.448499973507084
0.01,43,0,4.054901163552375
0.01,44,0,4.681915639842898
0.01,45,0,7.277069370727041
0.01,46,0,3.6784308292055163
0.01,47,0,7.036401834338067
0.01,48,0,7.040273217923428
0.01,49,0,5.757381270061467
0.01,50,0,5.109160898924937
0.01,51,0,5.125880482161655
0.01,52,0,3.9348073838877218
0.01,53,0,2.164423480425674
0.01,54,0,6.544103936147727
0.01,55,0,4.559238444808517
0.01,56,0,6.616955375029521
0.01,57,0,7.26766197058279
0.01,58,0,4.323060005903033
0.01,59,0,5.3899592204547835
0.01,60,2,3.7750157342593926
0.01,61,0,4.323054595893821
0.01,62,0,4.816886503763212
0.01,63,0,6.353138996326403
0.01,64,0,4.260247573385643
0.01,65,0,6.0904158324521775
0.01,66,0,4.5358196663974235
0.01,67,0,5.751929136733769
0.01,68,0,4.047096605139512
0.01,69,0,5.261212254081183
0.01,70,0,4.290625829289389
0.01,71,0,3.4675374693578425
0.01,72,0,5.21957144039608
0.01,73,0,4.311368690175491
0.01,74,0,4.7926780869528045
0.01,75,0,4.80181807516067
0.01,76,0,3.488367173934851
0.01,77,0,3.6009590626278145
0.01,78,0,4.79766856699352
0.01,79,0,4.420016323202893
0.01,80,0,4.314830621721188
0.01,81,0,5.800538318062927
0.01,82,0,5.908128792950322
0.01,83,0,6.559792972276934
0.01,84,0,4.881258672775958
0.01,85,0,5.983884160973439
0.01,86,0,4.901458356762797
0.01,87,0,5.263862993944905
0.01,88,0,5.969491979346991
0.01,89,0,4.87659510646873
0.01,90,0,5.1580123063372865
0.01,91,0,5.544532698564493
0.01,92,0,4.123619406043091
0.01,93,0,4.401852625066773
0.01,94,0,5.013697878409686
0.01,95,0,5.248935521030287
0.01,96,0,5.8137678256504834
0.01,97,0,5.5121849373264284
0.01,98,0,4.589080132753357
0.01,99,0,6.240874341846355
0.01,100,0,7.756030298455731
0.01,101,0,4.378816653722834
0.01,102,0,5.032572557416879
0.01,103,0,4.382662377400074
0.01,104,0,6.084239728570337
0.01,105,0,5.178935642628801
0.01,106,0,4.632731312410645
0.01,107,0,5.18714467021605
0.01,108,0,5.981994605494996
0.01,109,0,6.082975349534138
0.01,110,0,4.298788434985779
0.01,111,0,3.1766828651810366
0.01,112,0,6.031244630312807
0.01,113,0,7.182980056771312
0.01,114,0,7.667349636394393
0.01,115,0,4.7257771739851755
0.01,116,0,3.9633029510254545
0.01,117,0,4.7687697570955745
0.01,118,0,5.107440620858879
0.01,119,0,5.599119899973488
0.01,120,0,4.924652704018966
0.01,121,0,6.278194902869793
0.01,122,0,5.741274311809616
0.01,123,0,3.214685928554581
0.01,124,0,6.554666367944531
0.01,125,0,5.172357304375353
0.01,126,0,4.9080908357501
0.01,127,0,4.887441414571686
0.01,128,0,4.699088802152471
0.01,129,0,5.960657192288532
0.01,130,0,4.797085776793723
0.01,131,0,5.153922784990908
0.01,132,0,3.129671676057372
0.01,133,0,3.9810423018691177
0.01,134,0,5.221849218288747
0.01,135,0,5.0717241286543375
0.01,136,0,5.688919867373835
0.01,137,0,5.763478999450515
0.01,138,0,5.6140316714478
0.01,139,0,4.315196673289775
0.01,140,0,4.521842815673109
0.01,141,0,4.230739333941136
0.01,142,0,6.088269055730816
0.01,143,0,4.043795703263847
0.01,144,0,4.45307916421436
0.01,145,0,6.387019637490889
0.01,146,0,5.958437039878231
0.01,147,0,4.135116980861074
0.01,148,0,4.556883802748145
0.01,149,0,5.92581937031879
0.01,150,0,6.114331509754646
0.01,151,0,4.407798897194483
0.01,152,0,6.04099514321397
0.01,153,0,5.179042557541194
0.01,154,0,4.8351873654496655
0.01,155,0,5.745784749523629
0.01,156,0,5.202464326843421
0.01,157,0,4.22956797997757
0.01,158,0,7.4925267808255445
0.01,159,0,4.0840086032018315
0.01,160,0,4.54466268873453
0.01,161,0,5.074003568581317
0.01,162,0,3.6076483556487933
0.01,163,0,6.032152841011917
0.01,164,0,3.2712810758721824
0.01,165,0,3.803280017168592
0.01,166,0,6.547105369108863
0.01,167,0,4.82275412960033
0.01,168,0,5.907847308481046
0.01,169,0,5.666082627929434
0.01,170,0,5.974326699223342
0.01,171,0,4.506928205504257
0.01,172,0,7.736893780182228
0.01,173,0,5.33000457087554
0.01,174,0,5.245934366154811
0.01,175,0,5.206171464875491
0.01,176,0,5.654706712607922
0.01,177,0,4.835258510089581
0.01,178,0,4.686667189576357
0.01,179,0,5.92506290309297
0.01,180,0,6.377507078887846
0.01,181,0,4.276285239827916
0.01,182,0,4.335494300209677
0.01,183,0,4.164995214724155
0.01,184,0,3.9897964779006467
0.01,185,0,4.164153721188821
0.01,186,0,3.3671956670999705
0.01,187,0,6.175894698630171
0.01,188,0,5.831659973918994
0.01,189,0,5.0694034594955575
0.01,190,0,5.1509522510949255
0.01,191,0,4.076091592463158
0.01,192,0,4.498367407945761
0.01,193,0,4.06480563567229
0.01,194,0,4.49854889415179
0.01,195,0,6.391231889641121
0.01,196,0,5.358026948008808
0.01,197,0,3.684656581400357
0.01,198,0,5.365414401489521
0.01,199,0,3.3086252498914535
0.01,200,0,3.8609404141803654
0.01,201,0,4.5835762623237155
0.01,202,0,5.470238951139433
0.01,203,0,4.841476485339547
0.01,204,0,5.848488524409038
0.01,205,0,4.674516252320819
0.01,206,0,4.277362292392696
0.01,207,0,7.076640917105715
0.01,208,0,4.594690146629389
0.01,209,0,5.004799929963503
0.01,210,0,5.837928165277596
0.01,211,0,4.737453732517773
0.01,212,0,4.622922057685708
0.01,213,0,5.544407270431218
0.01,214,0,4.791718614341288
0.01,215,0,2.870881988675141
0.01,216,0,5.590191172818571
0.01,217,0,5.548773579241575
0.01,218,0,5.475796931493427
0.01,219,0,4.617684371224957
0.01,220,0,6.569677573599305
0.01,221,0,5.4182443451064675
0.01,222,0,4.584872293210102
0.01,223,0,4.757484632102814
0.01,224,0,5.12544713441297
0.01,225,0,5.185223891324509
0.01,226,0,3.5943434557641956
0.01,227,0,5.731807908932884
0.01,228,0,4.965780585473863
0.01,229,0,5.182535520532893
0.01,230,0,4.839084007468254
0.01,231,0,6.512574055646181
0.01,232,0,2.6183690061729408
0.01,233,0,6.416479550854025
0.01,234,0,3.9517737372359023
0.01,235,0,4.2214279396737835
0.01,236,0,6.595012859600674
0.01,237,0,3.2903876544139727
0.01,238,0,5.180540102010688
0.01,239,0,4.630968255066446
0.01,240,0,3.9764650867287408
0.01,241,0,4.66234516337141
0.01,242,0,4.779524583286421
0.01,243,0,5.1477288017341465
0.01,244,0,4.974337285741402
0.01,245,0,2.8954921167397165
0.01,246,0,5.048673988678376
0.01,247,0,5.513117396776674
0.01,248,0,5.216815813363499
0.01,249,0,4.946252937605927
0.01,250,0,5.304537252635053
0.01,251,0,6.368549352365751
0.01,252,0,4.8272158855996405
0.01,253,0,5.546518292652949
0.01,254,0,4.540470962074976
0.01,255,0,5.507993114764724
0.01,256,0,7.908646336464248
0.01,257,0,5.544245808247592
0.01,258,0,4.974035773487696
0.01,259,0,2.341539571396237
0.01,260,0,5.214390268745251
0.01,261,0,6.396288021222784
0.01,262,0,2.6071064891434843
0.01,263,0,4.815884984923528
0.01,264,0,5.390075700085322
0.01,265,0,5.13824775332713
0.01,266,0,5.127073192173597
0.01,267,0,3.170810868639305
0.01,268,0,5.46856204018144
0.01,269,0,6.361957764977625
0.01,270,0,4.486783744914442
0.01,271,0,5.135397929865258
0.01,272,0,6.76812100585644
0.01,273,0,5.209193917647157
0.01,274,0,5.926091578849983
0.01,275,0,4.635981888868379
0.01,276,0,5.85280181223159
0.01,277,0,3.77535861862124
0.01,278,0,5.412338081678744
0.01,279,0,5.988210146285661
0.01,280,0,5.271380711132166
0.01,281,0,5.527233983911284
0.01,282,0,4.208263484674571
0.01,283,0,4.115316102514344
0.01,284,0,4.55124909241965
0.01,285,0,4.566285746811948
0.01,286,0,4.151929036936763
0.01,287,0,2.9360050834452545
0.01,288,0,5.612104046332924
0.01,289,0,5.102265245419201
0.01,290,0,6.8309276320737995
0.01,291,0,6.838051735220853
0.01,292,0,3.7110556351078827
0.01,293,0,5.835505388487452
0.01,294,0,4.361050489263217
0.01,295,0,4.186006305093015
0.01,296,0,4.580032447894705
0.01,297,0,3.2298751191061017
0.01,298,0,4.217565429899507
0.01,299,0,5.348894104956477
0.01,300,0,4.192513514377185
0.01,301,0,4.0122128422060745
0.01,302,0,5.4043744297870955
0.01,303,0,5.771405156748585
0.01,304,0,2.668189124075295
0.01,305,0,7.469031351845407
0.01,306,0,5.918374461616286
0.01,307,0,4.160000256981323
0.01,308,0,6.688845856226686
0.01,309,0,5.8760088870903715
0.01,310,0,7.372371374792192
0.01,311,0,4.9059734527177925
0.01,312,0,4.924137936413492
0.01,313,0,6.173922765272185
0.01,314,0,3.445761332381011
0.01,315,0,5.344600643129289
0.01,316,0,3.8601960089115837
0.01,317,0,4.910523346991606
0.01,318,0,4.64877220120278
0.01,319,0,5.928112863050462
0.01,320,0,5.624658505816158
0.01,321,0,5.844300351193411
0.01,322,0,6.339503117413292
0.01,323,0,5.596741570897948
0.01,324,0,5.58082787037079
0.01,325,0,5.946349491863714
0.01,326,0,4.825136059048469
0.01,327,0,6.5674727112144895
0.01,328,0,5.2802662947968795
0.01,329,0,6.029218198778893
0.01,330,0,5.670769700973801
0.01,331,0,6.068829316961588
0.01,332,0,5.604794236881058
0.01,333,0,6.294855378685118
0.01,334,0,5.367136459170331
0.01,335,0,5.991839772267236
0.01,336,0,6.066542021581657
0.01,337,0,7.610118120504085
0.01,338,0,4.155484453365199
0.01,339,0,5.506991901537645
0.01,340,0,4.513779112710097
0.01,341,0,4.645433024115458
0.01,342,0,4.272877872055653
0.01,343,0,5.046499128867869
0.01,344,0,5.510442523583118
0.01,345,0,4.083099877092066
0.01,346,0,3.6108290978353543
0.01,347,0,3.2111980314055892
0.01,348,0,7.180338303129493
0.01,349,0,5.853850658989716
0.01,350,0,4.785259214566988
0.01,351,0,3.4861355349556478
0.01,352,0,5.285143438926564
0.01,353,0,3.8024159260128574
0.01,354,0,3.7473442218592
0.01,355,0,6.280012232977803
0.01,356,0,6.049810286720061
0.01,357,0,5.997569157335953
0.01,358,0,5.949287568947141
0.01,359,0,6.305490297571992
0.01,360,0,6.407540599257363
0.01,361,0,4.942533161927662
0.01,362,0,3.5763215893438565
0.01,363,0,6.381986055150901
0.01,364,0,4.937933032682133
0.01,365,0,5.813849939276504
0.01,366,0,5.44051947791773
0.01,367,0,5.706129947280433
0.01,368,0,5.12248388276583
0.01,369,0,3.573190455492537
0.01,370,0,4.30804956573488
0.01,371,0,3.7902630601299014
0.01,372,0,6.108705339692452
0.01,373,0,5.617747655134059
0.01,374,0,5.314314172707503
0.01,375,0,3.6174229161987386
0.01,376,0,5.210305574217345
0.01,377,0,5.237137062476602
0.01,378,0,3.067471962167557
0.01,379,0,4.957361255342203
0.01,380,0,2.7061975506275933
0.01,381,0,4.9828698576068735
0.01,382,0,4.157725130222617
0.01,383,0,5.00883715949984
0.01,384,0,5.5993031783453935
0.01,385,0,5.74347274831366
0.01,386,0,5.863745322278435
0.01,387,0,5.611302220241787
0.01,388,0,4.546829133264193
0.01,389,0,4.9444418041121345
0.01,390,0,5.271405927410858
0.01,391,0,5.794087084883026
0.01,392,0,4.1619779810580155
0.01,393,0,4.1071493561860954
0.01,394,0,5.321904047685713
0.01,395,0,4.293884695265221
0.01,396,0,4.5969595477015694
0.01,397,0,4.040888868937296
0.01,398,0,3.2875750592453077
0.01,399,0,5.546924051199124
0.01,400,0,5.001703282954003
0.01,401,0,6.626048902256184
0.01,402,0,5.422393430609012
0.01,403,0,4.663384644244926
0.01,404,0,4.629932345678521
0.01,405,0,4.5468932367151815
0.01,406,0,7.316678888142187
0.01,407,0,4.17846684856356
0.01,408,0,5.978814766857439
0.01,409,0,5.760438204363387
0.01,410,0,5.189387125439761
0.01,411,0,5.865614241789407
0.01,412,0,5.2666747744213485
0.01,413,0,4.418175511509036
0.01,414,0,5.010893567190628
0.01,415,2,3.1612931221241927
0.01,416,0,5.069107898414315
0.01,417,0,4.679683560825049
0.01,418,0,6.001878617953594
0.01,419,0,3.2686931700974484
0.01,420,0,6.2178566814704395
0.01,421,0,5.266155638848617
0.01,422,0,4.65200440256858
0.01,423,0,4.596382721257183
0.01,424,0,5.518524758718532
0.01,425,0,5.936342195762295
0.01,426,0,2.6784403690795098
0.01,427,0,5.3063862679878255
0.01,428,0,6.016851638524287
0.01,429,0,4.491003879144386
0.01,430,0,4.76597821585139
0.01,431,0,6.074333998892056
0.01,432,0,5.678651380151599
0.01,433,0,6.5631306769997915
0.01,434,0,5.792334657115219
0.01,435,0,3.6268781636047223
0.01,436,0,4.3760180136328355
0.01,437,0,7.137381426609224
0.01,438,0,5.546325912579705
0.01,439,0,5.2447697708844
0.01,440,0,5.586242528541417
0.01,441,0,5.114832718711575
0.01,442,0,5.846179582677611
0.01,443,0,5.445167711422329
0.01,444,0,4.560479963441692
0.01,445,0,5.300656949813416
0.01,446,0,2.26713064490829
0.01,447,0,5.72726917230368
0.01,448,0,3.1970425486335543
0.01,449,0,4.263925966132736
0.01,450,0,6.051090852395494
0.01,451,0,5.4388506414552555
0.01,452,0,6.141664762754484
0.01,453,0,5.822431818460461
0.01,454,0,4.683959323716955
0.01,455,0,6.570178607862082
0.01,456,0,4.118397275019541
0.01,457,0,4.584594041138195
0.01,458,0,4.687606299495926
0.01,459,0,1.3185088628096584
0.01,460,0,5.854240651974126
0.01,461,0,3.6551959161891565
0.01,462,0,7.043618706417748
0.01,463,0,6.496401669537407
0.01,464,0,3.8148608871136984
0.01,465,0,5.7421996492992085
0.01,466,0,4.135934117176378
0.01,467,0,5.381704025743712
0.01,468,0,5.7354976170342145
0.01,469,0,5.3336895192753175
0.01,470,0,4.100135841763646
0.01,471,0,5.176191930684282
0.01,472,0,7.682669143853457
0.01,473,0,5.359922204263511
0.01,474,0,5.724522132249013
0.01,475,0,6.323086398659143
0.01,476,0,3.9757346623350784
0.01,477,0,3.4553228988427214
0.01,478,0,3.6537211444421605
0.01,479,0,5.298541726693667
0.01,480,0,4.851139319096855
0.01,481,0,4.122948387291612
0.01,482,0,5.104354910955376
0.01,483,0,6.329500791694453
0.01,484,0,4.927569461342733
0.01,485,0,3.7450515123874353
0.01,486,0,4.054420799321386
0.01,487,0,4.8379304066528
0.01,488,0,5.916349939633572
0.01,489,0,4.6557778154418
0.01,490,0,5.015677701476885
0.01,491,0,5.670660906444143
0.01,492,0,5.527508409349495
0.01,493,0,4.779683216825274
0.01,494,0,4.74035398932435
0.01,495,0,3.9216514844794066
0.01,496,0,5.4493095974865735
0.01,497,0,4.810948554196762
0.01,498,0,4.547274554197075
0.01,499,0,5.061046544813862
0.01,500,0,6.5558110964347485
0.01,501,0,4.956357177869504
0.01,502,0,4.6740785573131545
0.01,503,0,5.329834494242526
0.01,504,0,5.380708135269652
0.01,505,0,6.581435652840586
0.01,506,0,3.913220544776318
0.01,507,0,3.578417896627643
0.01,508,0,3.887240508165959
0.01,509,0,4.852658480973829
0.01,510,0,5.419042874607187
0.01,511,0,6.246699940024414
0.01,512,0,3.927825822146115
0.01,513,0,6.966290701578919
0.01,514,0,4.839652580196482
0.01,515,0,2.6138771062933523
0.01,516,0,2.9794447842463705
0.01,517,0,5.948513533352504
0.01,518,0,4.174741043029933
0.01,519,0,4.513557141175118
0.01,520,0,5.226455029369224
0.01,521,0,4.283370644788058
0.01,522,0,4.506744598795958
0.01,523,0,5.376379639591271
0.01,524,0,3.5723621429523247
0.01,525,0,6.145924578043228
0.01,526,0,5.574648715907468
0.01,527,0,6.490417775517523
0.01,528,0,6.567581840591982
0.01,529,0,4.919572246377479
0.01,530,0,5.804692465273473
0.01,531,0,5.464321125805794
0.01,532,0,5.383885377364855
0.01,533,0,4.430481057289293
0.01,534,0,5.780121461078318
0.01,535,0,3.0222893354029434
0.01,536,0,4.701997199782546
0.01,537,0,6.2389090936247875
0.01,538,0,5.191286465111438
0.01,539,0,5.024368785055053
0.01,540,0,7.2147100774534465
0.01,541,0,5.598305872982417
0.01,542,0,5.083623752967211
0.01,543,0,5.369265262477974
0.01,544,0,3.159613318239317
0.01,545,0,6.393826476684843
0.01,546,0,4.546692153421933
0.01,547,0,5.312447197644859
0.01,548,0,6.142972746269821
0.01,549,0,5.357166785716319
0.01,550,0,3.239497987359771
0.01,551,0,3.119666487695757
0.01,552,0,3.775442807405051
0.01,553,0,5.949819033881712
0.01,554,0,5.985725769695088
0.01,555,0,6.696397956326585
0.01,556,0,5.15244428445824
0.01,557,0,3.14712383176962
0.01,558,0,5.145669833565488
0.01,559,0,5.929160685702744
0.01,560,0,5.418563614480897
0.01,561,0,3.1716220312081917
0.01,562,0,3.936435081795948
0.01,563,0,4.137871965006189
0.01,564,0,4.520351309126357
0.01,565,0,5.039518734391047
0.01,566,0,3.684321377763968
0.01,567,0,3.160636261733579
0.01,568,0,5.76711430128452
0.01,569,0,7.025709909565268
0.01,570,0,5.117058139073599
0.01,571,0,4.8501691060696475
0.01,572,0,4.5315628707968525
0.01,573,0,5.499240698722718
0.01,574,0,4.501277733088758
0.01,575,0,5.019014140255267
0.01,576,0,3.629097288378776
0.01,577,0,5.866662126961295
0.01,578,0,5.3996922670297645
0.01,579,0,6.4811244206841465
0.01,580,0,3.467641124600317
0.01,581,0,5.503359582077397
0.01,582,0,5.619679869975281
0.01,583,0,6.455500522197514
0.01,584,0,6.665631837730654
0.01,585,0,7.530378690590922
0.01,586,0,4.227925677001599
0.01,587,0,5.42338835586913
0.01,588,0,5.705372434476819
0.01,589,0,6.167499761666018
0.01,590,0,5.600989402520873
0.01,591,0,4.461597930091504
0.01,592,0,3.7170963624525104
0.01,593,0,5.178141349545929
0.01,594,0,3.564902854889687
0.01,595,0,5.328950748293976
0.01,596,0,5.677260479452033
0.01,597,0,5.483335659857033
0.01,598,0,3.4877430701324315
0.01,599,0,4.062173904933314
0.01,600,0,4.639412210939619
0.01,601,0,5.033596265166063
0.01,602,0,4.797026546735932
0.01,603,0,3.7996655519502935
0.01,604,0,4.051615318226506
0.01,605,0,5.505969591265009
0.01,606,0,7.285592333618446
0.01,607,0,4.754612987199456
0.01,608,0,5.01182609470458
0.01,609,0,4.680536030569572
0.01,610,0,4.235005991300329
0.01,611,0,5.898248887959378
0.01,612,0,3.3269484469798707
0.01,613,0,5.414093859428748
0.01,614,0,5.842159313672848
0.01,615,0,3.5024228640749517
0.01,616,0,4.934421857322496
0.01,617,0,5.165862189317517
0.01,618,0,6.808239294330698
0.01,619,0,5.1339662851109935
0.01,620,0,5.341244403048894
0.01,621,0,4.118259051980108
0.01,622,0,2.937421828393191
0.01,623,0,4.874368893657792
0.01,624,0,3.8798919345738097
0.01,625,0,4.61903117582149
0.01,626,0,4.927376672602926
0.01,627,0,4.725407490539473
0.01,628,0,3.546217269315153
0.01,629,0,5.767694307543723
0.01,630,0,4.286614546020615
0.01,631,0,5.409253281460376
0.01,632,0,5.482971941223998
0.01,633,0,5.766585901637297
0.01,634,0,4.837450650494874
0.01,635,0,5.3437698662582775
0.01,636,0,5.9197840487938835
0.01,637,0,5.773885711327473
0.01,638,0,4.269030637920285
0.01,639,0,5.342176433198323
0.01,640,0,4.671848967424775
0.01,641,0,3.2415722562880944
0.01,642,0,4.4258306297577725
0.01,643,0,3.386924270526117
0.01,644,0,4.170544477381565
0.01,645,0,7.947259280319287
0.01,646,0,4.735550105771827
0.01,647,0,4.822484838623026
0.01,648,0,5.467360674233813
0.01,649,0,5.370484890747027
0.01,650,0,6.565831973972755
0.01,651,0,5.811800205125932
0.01,652,0,4.45294340268843
0.01,653,0,4.295559761978661
0.01,654,0,5.733887108501995
0.01,655,0,4.927221921374848
0.01,656,0,4.972889082960561
0.01,657,0,6.028975445273031
0.01,658,0,6.419970288575507
0.01,659,0,5.058883067048066
0.01,660,0,4.854363498893007
0.01,661,0,4.50027261591536
0.01,662,0,5.546097994220921
0.01,663,0,6.344313930186937
0.01,664,0,5.421747248793329
0.01,665,0,5.74694674560178
0.01,666,0,4.8285604572158825
0.01,667,0,5.900852385096455
0.01,668,0,4.926988065112858
0.01,669,0,4.33066340668475
0.01,670,0,5.189619471644059
0.01,671,0,2.102895400801074
0.01,672,0,4.553505945277121
0.01,673,0,5.511671687155031
0.01,674,0,3.9121348997808143
0.01,675,0,4.0851374227235935
0.01,676,0,4.671418616022988
0.01,677,0,5.096761835062829
0.01,678,0,5.115331587641137
0.01,679,0,6.122863820823545
0.01,680,0,5.1609648730824444
0.01,681,0,3.5367167240544743
0.01,682,0,5.148778837042838
0.01,683,0,6.226168078941038
0.01,684,0,4.314230691587079
0.01,685,0,5.185257256026004
0.01,686,0,5.5920683129608895
0.01,687,0,6.537648171421843
0.01,688,0,3.8755750759194174
0.01,689,0,4.676092708392545
0.01,690,0,3.6997218915041232
0.01,691,0,6.267430009149257
0.01,692,0,6.175811644546756
0.01,693,0,6.554620426647979
0.01,694,0,6.377590504377077
0.01,695,0,5.760222278027955
0.01,696,2,1.764681835688897
0.01,697,0,5.977393360128911
0.01,698,0,4.384428338432316
0.01,699,0,7.511341789051836
0.01,700,0,3.2627428332893307
0.01,701,0,4.549676752307778
0.01,702,0,4.092599069774613
0.01,703,0,5.303335521793457
0.01,704,0,3.9599813425614765
0.01,705,0,3.9895673955921866
0.01,706,0,4.373763797817235
0.01,707,0,5.849570155681278
0.01,708,0,4.367538578918361
0.01,709,0,3.522665353824567
0.01,710,0,6.09771169486697
0.01,711,0,3.2662242384296114
0.01,712,0,5.780154767952513
0.01,713,0,3.5233335938714907
0.01,714,0,5.9012481114456286
0.01,715,0,4.169679515922862
0.01,716,0,5.87400901258021
0.01,717,0,4.596805914459155
0.01,718,0,4.594162643612448
0.01,719,0,5.208657488458269
0.01,720,0,6.073605254204149
0.01,721,0,3.0811609722087994
0.01,722,0,6.493460722265657
0.01,723,0,5.186422111559114
0.01,724,0,5.447203745078775
0.01,725,0,5.323729138809528
0.01,726,0,4.867175466533123
0.01,727,0,4.65867010473978
0.01,728,0,3.70933702971898
0.01,729,0,4.708221608187437
0.01,730,0,3.705622811918525
0.01,731,0,5.146828234759603
0.01,732,0,4.888773776972797
0.01,733,0,5.474205507998198
0.01,734,0,4.228177950834348
0.01,735,0,5.394910717260182
0.01,736,0,2.755961642178646
0.01,737,0,3.604787487434903
0.01,738,0,5.57343354463697
0.01,739,0,4.524772260486409
0.01,740,0,4.209496618273471
0.01,741,0,3.9047064020311866
0.01,742,0,6.30190500296475
0.01,743,0,4.402236611411979
0.01,744,0,5.9303643196262446
0.01,745,0,3.640548293315451
0.01,746,0,7.111456832070827
0.01,747,0,6.311660365572003
0.01,748,0,4.931125913637735
0.01,749,0,3.953182000606886
0.01,750,0,4.301842094286387
0.01,751,0,5.751686620590432
0.01,752,0,5.549761734794541
0.01,753,0,6.017059408039171
0.01,754,0,5.307541502365637
0.01,755,0,6.381025826809774
0.01,756,0,5.2746709134176655
0.01,757,0,7.807185819863188
0.01,758,0,6.108616388778666
0.01,759,0,3.3658614858371054
0.01,760,0,6.952436363916608
0.01,761,0,3.95789124491606
0.01,762,0,4.890220368046227
0.01,763,0,6.306281679414835
0.01,764,0,4.387636503335018
0.01,765,0,5.022535408941301
0.01,766,0,3.992503527028144
0.01,767,0,4.1836755196345985
0.01,768,0,5.515688540520069
0.01,769,0,5.646745349258133
0.01,770,0,5.213285187593244
0.01,771,0,5.475242177031972
0.01,772,0,5.292554227691999
0.01,773,0,4.10119091940443
0.01,774,0,5.17064014760334
0.01,775,0,7.900303719301611
0.01,776,0,3.8039295141648397
0.01,777,0,3.6704549790556875
0.01,778,0,3.997538261810372
0.01,779,0,4.920340826054892
0.01,780,0,2.707504633595966
0.01,781,0,5.0487988316047625
0.01,782,0,6.035275717690012
0.01,783,0,3.279087577879072
0.01,784,0,4.131765878538285
0.01,785,0,6.765241189940928
0.01,786,0,3.3973591812538926
0.01,787,0,4.39080869891556
0.01,788,0,5.480119208074549
0.01,789,0,4.144132877474661
0.01,790,0,6.802772193342179
0.01,791,0,3.7627417434643036
0.01,792,0,5.191326298126659
0.01,793,0,4.035640165491745
0.01,794,0,4.883964009151321
0.01,795,0,5.373324512253044
0.01,796,0,5.369726631162208
0.01,797,0,6.424789176098043
0.01,798,0,4.5109943944639515
0.01,799,0,5.150748031821161
0.01,800,0,4.875334602960747
0.01,801,0,5.345451200978725
0.01,802,0,5.271962081285289
0.01,803,0,3.9956698901536076
0.01,804,0,5.579217689007576
0.01,805,0,5.239144674816247
0.01,806,0,6.434224603068278
0.01,807,0,4.342497589939477
0.01,808,0,3.306521574517858
0.01,809,0,5.815957441461477
0.01,810,0,5.602065189458374
0.01,811,0,5.905877301040938
0.01,812,0,4.937004057233565
0.01,813,0,4.817439979602115
0.01,814,0,5.4414987731921265
0.01,815,0,4.363366595004689
0.01,816,0,5.705548236045017
0.01,817,0,3.954550234762058
0.01,818,0,3.3336128615031884
0.01,819,0,4.224743831941741
0.01,820,0,5.519456981792867
0.01,821,0,4.78822024003464
0.01,822,0,5.260402725177488
0.01,823,0,5.587080760456415
0.01,824,0,5.471270139946376
0.01,825,0,5.089608761227326
0.01,826,0,7.312180913632957
0.01,827,0,2.119990189766618
0.01,828,0,6.127934817001968
0.01,829,0,2.366293563965353
0.01,830,0,5.038977570508242
0.01,831,0,4.274210951987185
0.01,832,0,4.667336049445307
0.01,833,0,5.340506744649737
0.01,834,0,5.794340289750674
0.01,835,0,5.090138738668898
0.01,836,0,5.99901468533694
0.01,837,0,5.047963834111059
0.01,838,0,5.85662177410116
0.01,839,0,3.8411905290295967
0.01,840,0,5.184214417228001
0.01,841,0,6.211996906113094
0.01,842,0,4.097290954388209
0.01,843,0,4.976152900380409
0.01,844,0,4.700628440956237
0.01,845,0,4.124382270326009
0.01,846,0,4.273466910788721
0.01,847,0,4.317040478839525
0.01,848,0,5.7453932125941085
0.01,849,0,4.81560981218495
0.01,850,0,4.785301085375784
0.01,851,0,3.803411694154068
0.01,852,0,5.485634523674909
0.01,853,0,6.063375865139833
0.01,854,0,5.665132881281307
0.01,855,0,4.921426859682913
0.01,856,0,6.59912051300482
0.01,857,0,4.6801331321839825
0.01,858,0,5.696955989661069
0.01,859,0,3.5262160556114415
0.01,860,0,5.38948167648466
0.01,861,0,4.256340998652396
0.01,862,0,5.529192980888224
0.01,863,0,5.648441125072978
0.01,864,0,5.438107105362081
0.01,865,0,3.225709229684636
0.01,866,0,5.494994139156573
0.01,867,0,3.6819538141033687
0.01,868,0,4.096970948011457
0.01,869,0,3.393366738167624
0.01,870,0,4.7535756612614435
0.01,871,0,4.890139305867258
0.01,872,0,4.941682693903276
0.01,873,0,4.540741384906396
0.01,874,0,4.336987337610697
0.01,875,0,4.054664259754258
0.01,876,0,5.284708946230779
0.01,877,0,5.681153022315754
0.01,878,0,5.885645686075877
0.01,879,0,7.10544930023107
0.01,880,0,5.72114595220027
0.01,881,0,5.519630219678029
0.01,882,0,5.127958888480077
0.01,883,0,6.654269074475059
0.01,884,0,3.860598067639012
0.01,885,0,4.265612443233587
0.01,886,0,5.388702993127006
0.01,887,0,5.570466311663813
0.01,888,0,5.467745975454547
0.01,889,0,3.76780699554428
0.01,890,0,4.9481747468576245
0.01,891,0,5.62079538500617
0.01,892,0,2.945047285944022
0.01,893,0,5.841727141492038
0.01,894,0,4.849960916312748
0.01,895,0,4.747750003883487
0.01,896,0,5.990412503862909
0.01,897,0,5.384780413708923
0.01,898,0,4.846342291350438
0.01,899,0,4.874251385276304
0.01,900,0,4.853033181726264
0.01,901,0,4.5660908555959985
0.01,902,0,4.768710983797726
0.01,903,0,6.683432972333209
0.01,904,0,4.289179178891092
0.01,905,0,4.445913011271427
0.01,906,0,5.034709358310264
0.01,907,0,4.4484684683030995
0.01,908,0,7.128073593156779
0.01,909,0,5.35977965299852
0.01,910,0,3.493366637730616
0.01,911,0,4.2464369142411496
0.01,912,0,6.044660358848871
0.01,913,0,5.17787621160367
0.01,914,0,2.220580303382069
0.01,915,0,4.77429592713087
0.01,916,0,5.935731497584422
0.01,917,0,5.31588717434163
0.01,918,0,5.294230597156122
0.01,919,0,5.53550346831814
0.01,920,0,3.5160971159738184
0.01,921,0,2.9736461098161797
0.01,922,0,5.771697077934665
0.01,923,0,2.602413695331981
0.01,924,0,4.91142240637468
0.01,925,0,5.1978176364243565
0.01,926,0,6.246449045136562
0.01,927,0,3.0410601001472077
0.01,928,0,6.154747851069596
0.01,929,0,4.612157034709251
0.01,930,0,6.13935194013017
0.01,931,0,4.826256390581463
0.01,932,0,4.382830993601148
0.01,933,0,3.990802147050335
0.01,934,0,4.1659740091104895
0.01,935,0,5.272845602528769
0.01,936,0,5.395234123073054
0.01,937,0,6.61068628408361
0.01,938,0,5.538251020471467
0.01,939,0,4.964015607001872
0.01,940,0,5.044355650915153
0.01,941,0,5.3604017810074405
0.01,942,0,5.117485272174347
0.01,943,0,4.576596090115837
0.01,944,0,7.024851630813464
0.01,945,0,5.614647945303613
0.01,946,0,5.964967441528968
0.01,947,0,6.64043608824521
0.01,948,0,2.4818880026628296
0.01,949,0,5.51432091683279
0.01,950,0,5.017873118971017
0.01,951,0,5.5173290203092
0.01,952,0,4.866189569715288
0.01,953,0,6.024177975615217
0.01,954,0,3.5081801317469594
0.01,955,0,3.7057356103515158
0.01,956,0,5.382978080096747
0.01,957,0,5.811029446094395
0.01,958,0,5.724537591711617
0.01,959,0,5.6772342430202825
0.01,960,0,4.747772888296014
0.01,961,0,5.657477374416857
0.01,962,0,5.721692617873375
0.01,963,0,3.081724872529094
0.01,964,0,5.473263275736987
0.01,965,0,4.985750418474346
0.01,966,0,4.624508847022631
0.01,967,0,3.875635991856922
0.01,968,0,4.987013175446033
0.01,969,0,6.262692413970768
0.01,970,0,6.405756396913544
0.01,971,0,6.398230984900798
0.01,972,0,4.417653207645637
0.01,973,0,4.802098398561915
0.01,974,0,3.6083349939103577
0.01,975,0,6.358313624749732
0.01,976,0,6.208813293809933
0.01,977,0,5.748463693173346
0.01,978,0,5.719889750334758
0.01,979,0,5.475985181661442
0.01,980,0,3.5373880847664223
0.01,981,0,5.080408674503769
0.01,982,0,6.891709460106375
0.01,983,0,4.282343954067054
0.01,984,0,5.505406408885836
0.01,985,0,5.144949625436608
0.01,986,0,5.356955743004614
0.01,987,0,5.3528483764645856
0.01,988,0,3.461813997322704
0.01,989,0,6.560812058962693
0.01,990,0,4.672338838803835
0.01,991,0,4.171014423725919
0.01,992,0,4.2866632333531305
0.01,993,0,6.317806280703054
0.01,994,0,6.184212685109721
0.01,995,0,5.808382252911668
0.01,996,0,4.2842460404640175
0.01,997,0,3.3597964608260638
0.01,998,0,6.9861572855130145
0.01,999,0,4.454282915804208
0.1,0,0,3.8039994149975582
0.1,1,0,4.818890510016788
0.1,2,0,3.9672155149525112
0.1,3,0,5.208524731218334
0.1,4,0,4.7405488599066645
0.1,5,0,5.526953560271163
0.1,6,0,6.186864509765007
0.1,7,0,5.689664793337919
0.1,8,0,4.724475648955015
0.1,9,0,2.861003884544825
0.1,10,0,5.4867963873247545
0.1,11,0,6.319966163704615
0.1,12,0,5.929761753444554
0.1,13,0,6.698717421858644
0.1,14,0,4.4308919996354525
0.1,15,0,6.064052558560779
0.1,16,0,6.693342715653807
0.1,17,0,6.090965676637242
0.1,18,0,4.4670596469344686
0.1,19,0,3.423812193008197
0.1,20,0,7.163314834136704
0.1,21,2,1.8982002070419899
0.1,22,0,4.991500900774482
0.1,23,0,4.616951201539776
0.1,24,0,6.398779238194351
0.1,25,0,4.946052773223596
0.1,26,0,3.68030440383517
0.1,27,0,4.355182274145292
0.1,28,0,5.441413900507727
0.1,29,0,4.143411210298662
0.1,30,0,5.125893168651907
0.1,31,1,9.621721986396505
0.1,32,0,5.624914688085905
0.1,33,0,5.683809703821604
0.1,34,0,5.456346926158588
0.1,35,0,5.048494396791298
0.1,36,0,3.0601634492689698
0.1,37,0,4.443980307385881
0.1,38,0,7.042757848792404
0.1,39,0,5.229985658659601
0.1,40,0,3.963195463071777
0.1,41,0,4.610038593878886
0.1,42,0,6.139039650121641
0.1,43,2,1.610554766769951
0.1,44,0,4.313479757678598
0.1,45,0,4.3449624693603495
0.1,46,0,5.133083064510733
0.1,47,0,3.8724357684450954
0.1,48,0,6.035805983913775
0.1,49,0,4.728808271138248
0.1,50,1,7.354152474175012
0.1,51,0,4.938608914198468
0.1,52,0,4.459972139460971
0.1,53,2,3.7313322858649567
0.1,54,0,3.5411880235852307
0.1,55,0,4.0946194313328785
0.1,56,0,4.522600568606087
0.1,57,0,6.942698393348713
0.1,58,0,2.841496721590729
0.1,59,0,1.5037237619670965
0.1,60,0,7.14526969351175
0.1,61,0,7.7823211418201215
0.1,62,0,2.5924510611340525
0.1,63,0,6.338889441559877
0.1,64,0,4.4830905309472895
0.1,65,0,6.699412404608769
0.1,66,0,5.547735636217271
0.1,67,0,5.407251610577662
0.1,68,0,3.921801082218848
0.1,69,0,5.309662216427196
0.1,70,2,3.038519856413754
0.1,71,0,2.54979666701985
0.1,72,0,6.703193333769171
0.1,73,0,5.774074026386765
0.1,74,0,4.729601183852682
0.1,75,0,3.7292841949560085
0.1,76,0,5.680354458051317
0.1,77,0,2.9187996552208952
0.1,78,0,5.456085041019166
0.1,79,0,5.82026728335406
0.1,80,0,5.48667458938124
0.1,81,1,9.128940134023123
0.1,82,0,5.241362886592638
0.1,83,0,5.844317428210502
0.1,84,0,5.136627376779929
0.1,85,0,5.368217494608354
0.1,86,0,5.003211844679025
0.1,87,0,5.604066800308441
0.1,88,0,4.7731149147848635
0.1,89,0,5.131375764065134
0.1,90,0,5.7647548030796365
0.1,91,0,4.2344812455734395
0.1,92,0,5.726071510427933
0.1,93,0,3.295219793759739
0.1,94,0,6.740593273048756
0.1,95,0,4.34252343102848
0.1,96,0,5.007743038674434
0.1,97,0,5.2009363693997255
0.1,98,0,1.67550449037845
0.1,99,0,4.494495871207349
0.1,100,0,4.495493231125649
0.1,101,0,4.868201656297103
0.1,102,0,6.1175030626166995
0.1,103,0,5.61880370917635
0.1,104,0,4.929302897446465
0.1,105,1,6.666248880014268
0.1,106,0,5.0744174170177425
0.1,107,2,2.061832911423733
0.1,108,0,7.924539800813021
0.1,109,0,4.604028130192425
0.1,110,0,3.771442171068522
0.1,111,0,5.490127207978395
0.1,112,0,4.685112360690013
0.1,113,2,2.9444522167485054
0.1,114,0,4.454173976011309
0.1,115,0,3.977592408314741
0.1,116,0,4.553778244163179
0.1,117,0,5.5873116077331275
0.1,118,0,5.792942764471744
0.1,119,0,4.609359702283696
0.1,120,0,5.951176963213024
0.1,121,0,5.6809053628807185
0.1,122,0,4.640171992461263
0.1,123,0,8.052297826750285
0.1,124,0,4.740931572660985
0.1,125,0,3.6723657907097813
0.1,126,0,5.140170457612655
0.1,127,0,4.356491860127549
0.1,128,0,7.862731061953596
0.1,129,0,5.992015986900065
0.1,130,0,3.874574780885056
0.1,131,0,5.346552299438077
0.1,132,0,5.551369196542445
0.1,133,0,4.9683178587371515
0.1,134,0,4.682665251858957
0.1,135,0,5.399728585536305
0.1,136,0,4.020895948540064
0.1,137,0,4.012131201011671
0.1,138,0,5.505737381309704
0.1,139,0,4.143625106169588
0.1,140,0,3.8854707579318575
0.1,141,0,4.284332469447695
0.1,142,0,5.313275724803054
0.1,143,0,4.503377113577501
0.1,144,0,5.117878247153329
0.1,145,0,4.253112389832162
0.1,146,0,4.780702348728154
0.1,147,0,5.477045015062313
0.1,148,0,5.399311465292496
0.1,149,0,4.862173845196496
0.1,150,0,4.483102996049516
0.1,151,0,3.7561936505254128
0.1,152,0,3.195116032613697
0.1,153,0,4.361869865519449
0.1,154,0,4.669703785296037
0.1,155,0,5.014860996526381
0.1,156,0,5.045679991198136
0.1,157,0,4.940297000561118
0.1,158,0,5.241324271759814
0.1,159,2,5.154307971920309
0.1,160,0,4.584700826368258
0.1,161,0,5.681773898138964
0.1,162,0,2.719181203229984
0.1,163,0,4.298318496666659
0.1,164,0,4.124700162486293
0.1,165,0,4.724648461458433
0.1,166,0,4.161746052822076
0.1,167,0,4.6950246975119665
0.1,168,1,8.534596248971976
0.1,169,0,4.650467434749302
0.1,170,0,5.540308717374792
0.1,171,0,2.978981827660544
0.1,172,0,4.563172665755511
0.1,173,0,4.909057955621901
0.1,174,2,3.9308353874434117
0.1,175,0,4.8840351297690034
0.1,176,0,5.670835662326393
0.1,177,2,2.1793866278717506
0.1,178,0,4.53718251635304
0.1,179,0,5.516510003660104
0.1,180,0,5.40887315796925
0.1,181,0,6.526462788669476
0.1,182,0,3.348170627165814
0.1,183,0,5.420532547339296
0.1,184,0,5.904803679495286
0.1,185,0,5.197062611236534
0.1,186,0,4.556619680538507
0.1,187,0,5.590750698691378
0.1,188,0,3.9391122530515488
0.1,189,0,5.128010243306688
0.1,190,0,5.451053449259916
0.1,191,0,3.4664972663135045
0.1,192,0,5.051575787391735
0.1,193,0,4.612722147705916
0.1,194,0,5.731337343742587
0.1,195,0,5.108254148927776
0.1,196,0,5.836230611927059
0.1,197,0,5.3831180597318795
0.1,198,0,6.546078319877719
0.1,199,0,4.86324093696213
0.1,200,0,4.582926711547337
0.1,201,0,4.376336629424516
0.1,202,0,3.6262623559918534
0.1,203,0,3.5434577238979825
0.1,204,0,5.50126937905793
0.1,205,0,4.043800885902085
0.1,206,0,4.247155523011866
0.1,207,0,5.665775878074239
0.1,208,0,5.132904563264924
0.1,209,0,4.870894679502733
0.1,210,0,3.91950788861451
0.1,211,0,5.353570806974124
0.1,212,0,4.635800404493543
0.1,213,0,4.667560005918068
0.1,214,0,5.939277584590638
0.1,215,1,7.887463375845731
0.1,216,0,6.4362950054189465
0.1,217,0,4.635305179018193
0.1,218,0,4.023185971049753
0.1,219,2,2.159147049520375
0.1,220,0,3.6855250719179664
0.1,221,0,4.721249038409459
0.1,222,0,5.317204977092948
0.1,223,0,3.7941723397390055
0.1,224,0,5.041129270726672
0.1,225,1,8.174323247979471
0.1,226,0,5.300788228145804
0.1,227,0,4.920136794245684
0.1,228,0,4.83124097389148
0.1,229,0,4.368018623962217
0.1,230,0,5.4166530147966885
0.1,231,1,8.28362463860258
0.1,232,0,5.897181559677931
0.1,233,2,2.925637501256228
0.1,234,0,4.369202343997531
0.1,235,0,5.334460307631378
0.1,236,0,6.919634863411823
0.1,237,0,5.1442659495674885
0.1,238,0,4.892342023631288
0.1,239,0,5.3192652457024
0.1,240,0,3.468456535547096
0.1,241,0,5.254934797944119
0.1,242,0,4.925403823084588
0.1,243,0,5.3114776957393905
0.1,244,0,6.4291098870530465
0.1,245,0,5.424708999418349
0.1,246,0,4.344610969555088
0.1,247,0,4.371020423273535
0.1,248,0,4.8793527473987215
0.1,249,0,3.1124261062814425
0.1,250,0,1.6085377850894322
0.1,251,1,7.405475872781532
0.1,252,1,7.993875890480235
0.1,253,1,5.7870161401827085
0.1,254,1,8.891278176182956
0.1,255,1,7.964601585835631
0.1,256,1,7.01702148178908
0.1,257,1,7.926863315358102
0.1,258,1,9.648023626056245
0.1,259,1,6.592085500936193
0.1,260,1,6.801132532468513
0.1,261,1,8.79953305166959
0.1,262,1,8.838323511837418
0.1,263,1,7.751594321623906
0.1,264,1,9.55680092538757
0.1,265,1,8.883365158935064
0.1,266,1,6.784757518902788
0.1,267,1,9.194753924387651
0.1,268,1,8.711247864933176
0.1,269,1,7.974149266763915
0.1,270,1,9.39184936903541
0.1,271,1,8.314537081419402
0.1,272,1,8.503868864888199
0.1,273,1,8.092635524492442
0.1,274,1,6.214953672358471
0.1,275,1,7.902750486380193
0.1,276,1,7.281436738245651
0.1,277,1,7.730029258827186
0.1,278,1,6.656924558298005
0.1,279,1,7.029249656483142
0.1,280,1,8.032880176895208
0.1,281,1,7.630342110127293
0.1,282,1,7.621711060538547
0.1,283,1,7.229538968445991
0.1,284,1,9.588818104083074
0.1,285,1,8.010080635773518
0.1,286,1,7.365411117503552
0.1,287,1,8.02274209235943
0.1,288,1,10.329786545331114
0.1,289,1,6.4192797221885325
0.1,290,1,8.422409028540917
0.1,291,1,8.617995149833938
0.1,292,1,9.088301287822839
0.1,293,1,8.508603997105132
0.1,294,1,5.834174391209512
0.1,295,1,7.073110753772677
0.1,296,1,6.184818709128033
0.1,297,1,7.565022256296459
0.1,298,1,8.66382491866834
0.1,299,0,5.111107646266203
0.1,300,1,9.321287337164025
0.1,301,1,8.177563894786196
0.1,302,1,6.63885613945444
0.1,303,1,7.9039025750835465
0.1,304,1,7.355289765358887
0.1,305,1,7.361165459422796
0.1,306,1,9.15865531873793
0.1,307,1,7.343980413371638
0.1,308,1,7.170230746812059
0.1,309,1,5.564620494227482
0.1,310,0,5.719772776809383
0.1,311,1,8.13170704620368
0.1,312,1,7.444039209150237
0.1,313,0,5.042155610224099
0.1,314,1,8.7754010327632
0.1,315,1,7.494020420652001
0.1,316,1,8.074777110286941
0.1,317,1,8.612395828363042
0.1,318,1,9.911277300349578
0.1,319,1,7.647103078989252
0.1,320,1,8.592339877321686
0.1,321,1,8.495120606169792
0.1,322,1,7.713487778543958
0.1,323,1,8.728841356885722
0.1,324,0,6.854380762527079
0.1,325,1,9.064838574901806
0.1,326,1,8.537421325869499
0.1,327,1,6.995377584670948
0.1,328,1,7.875856750855636
0.1,329,1,6.3930804937838115
0.1,330,1,8.118207172946239
0.1,331,1,6.836989646340078
0.1,332,1,8.52700486904565
0.1,333,1,6.923193566191673
0.1,334,1,7.01112831127168
0.1,335,1,7.525457410981259
0.1,336,1,6.944051412328084
0.1,337,1,8.500780730307106
0.1,338,0,4.486965755446875
0.1,339,1,6.655766107646255
0.1,340,1,8.276771693310662
0.1,341,1,8.823664830800293
0.1,342,1,6.459156396715311
0.1,343,1,7.342753014277527
0.1,344,1,9.080072627704052
0.1,345,0,3.9876669901119772
0.1,346,1,8.386481151649745
0.1,347,1,7.946743306655524
0.1,348,1,9.225036158183395
0.1,349,1,8.417073387550797
0.1,350,1,7.883416992517442
0.1,351,1,7.534486401211176
0.1,352,1,8.510691330608013
0.1,353,1,9.400690566221934
0.1,354,1,7.668504261152836
0.1,355,1,6.805558439857375
0.1,356,2,2.804635747858845
0.1,357,1,6.31275427172913
0.1,358,1,8.309419587606204
0.1,359,1,8.116396322882368
0.1,360,1,10.770936597331616
0.1,361,1,8.077550621974607
0.1,362,1,8.806900829704608
0.1,363,1,8.628718017954888
0.1,364,1,8.691422240645583
0.1,365,1,7.297064535240775
0.1,366,0,4.986537862474105
0.1,367,1,8.980749662835418
0.1,368,1,8.04371233407261
0.1,369,1,7.4903766135019465
0.1,370,1,7.988365470222563
0.1,371,1,7.586986140561297
0.1,372,1,8.037002129450418
0.1,373,1,9.112320962747598
0.1,374,1,8.237047728681082
0.1,375,1,6.404433026405854
0.1,376,1,8.573653869376276
0.1,377,1,8.684200957883114
0.1,378,1,6.716188659597411
0.1,379,1,7.472626062466471
0.1,380,1,7.934485931418274
0.1,381,1,9.229039650656796
0.1,382,1,7.455581207414735
0.1,383,1,7.781649304261897
0.1,384,1,7.765708839920223
0.1,385,1,9.168557399814475
0.1,386,1,8.211982901076803
0.1,387,1,5.5746899332321185
0.1,388,1,7.5848194521444645
0.1,389,1,7.741508697862902
0.1,390,1,7.488255295368192
0.1,391,1,6.703531395702223
0.1,392,1,8.104796939912585
0.1,393,1,8.427643565542695
0.1,394,1,8.639243185473799
0.1,395,1,8.341251060473446
0.1,396,1,9.53981816373217
0.1,397,1,7.236745088668474
0.1,398,1,9.63792184533908
0.1,399,1,9.085705182036559
0.1,400,1,7.205075805130809
0.1,401,1,6.766433990105703
0.1,402,1,6.416526235925631
0.1,403,1,7.663628255224043
0.1,404,1,9.82728811224715
0.1,405,1,8.48299489611656
0.1,406,1,7.581104234851338
0.1,407,1,8.21093914746924
0.1,408,1,8.121829397151199
0.1,409,1,7.323091854458865
0.1,410,1,9.754560929996895
0.1,411,1,8.545766342898595
0.1,412,1,9.707572967936516
0.1,413,1,7.820219220235118
0.1,414,1,7.705025600146531
0.1,415,1,9.52636851504269
0.1,416,1,5.692204962256628
0.1,417,1,9.69265695707802
0.1,418,1,6.712723644748709
0.1,419,1,6.091000851375579
0.1,420,1,7.732819234138773
0.1,421,1,8.354552868216878
0.1,422,1,7.062815921588253
0.1,423,1,6.9187771205758235
0.1,424,1,8.646030592857315
0.1,425,1,6.275700701382918
0.1,426,1,8.64729998064539
0.1,427,1,6.163316454429872
0.1,428,1,7.262789601139023
0.1,429,1,6.591907888230942
0.1,430,1,7.61039506884764
0.1,431,1,6.595626343835255
0.1,432,1,7.467683423431836
0.1,433,1,8.860745791158394
0.1,434,1,7.4667973471556675
0.1,435,1,7.47298866657078
0.1,436,1,8.156749202267449
0.1,437,1,7.822086877481499
0.1,438,1,8.512391480064043
0.1,439,1,9.870155045570309
0.1,440,1,9.033395018343285
0.1,441,2,2.109427934788455
0.1,442,1,7.439757470704496
0.1,443,0,3.4722919055367516
0.1,444,1,7.307031692492146
0.1,445,1,6.756432015360988
0.1,446,1,9.104172099367014
0.1,447,1,7.619988949657264
0.1,448,1,8.325858881289754
0.1,449,1,7.176431732164891
0.1,450,1,7.906827962392374
0.1,451,1,7.22524452477389
0.1,452,1,6.665914018951445
0.1,453,1,8.505006865100741
0.1,454,1,9.0840233345194
0.1,455,1,9.544345937654
0.1,456,1,6.1988594672220225
0.1,457,1,7.520401935301598
0.1,458,1,9.755534021762738
0.1,459,2,3.1036799775930124
0.1,460,1,8.41264040461275
0.1,461,1,9.631031879100426
0.1,462,1,7.452090273245059
0.1,463,1,6.959934021395375
0.1,464,1,6.213002611891459
0.1,465,1,7.6117551149390685
0.1,466,1,8.599414019556125
0.1,467,1,9.455031895889585
0.1,468,1,7.262666912250649
0.1,469,1,8.684153264769186
0.1,470,1,9.826614245078229
0.1,471,1,5.110732926266838
0.1,472,1,6.886844893483659
0.1,473,1,8.69575406667226
0.1,474,1,6.12968648292158
0.1,475,1,8.112948056645521
0.1,476,1,6.269107396855388
0.1,477,2,2.938735412140436
0.1,478,1,7.411557487330763
0.1,479,1,6.135242765326413
0.1,480,1,6.0927751259756615
0.1,481,1,7.946046440687056
0.1,482,1,8.028350794321788
0.1,483,1,7.693874015438251
0.1,484,1,7.762575567440571
0.1,485,1,8.117602477172653
0.1,486,1,8.683036938517855
0.1,487,1,6.719636712486542
0.1,488,1,7.905361779732428
0.1,489,1,8.851482981539794
0.1,490,1,7.472826270887925
0.1,491,2,4.002034289507929
0.1,492,1,7.889376495206289
0.1,493,1,8.435000988610398
0.1,494,1,7.805032597771283
0.1,495,1,5.607938208446784
0.1,496,1,6.562273050147866
0.1,497,1,8.218806634111148
0.1,498,1,7.894863550303914
0.1,499,1,7.404895011267744
0.1,500,1,7.535353096831344
0.1,501,1,7.606159750759801
0.1,502,1,9.46493786929221
0.1,503,1,7.310385240790958
0.1,504,1,8.549613907285064
0.1,505,1,8.591551838096873
0.1,506,2,2.46294994368271
0.1,507,1,8.575362776188399
0.1,508,1,7.381105913830579
0.1,509,1,7.158852085737475
0.1,510,1,8.647007403574861
0.1,511,1,6.606153625887269
0.1,512,1,7.844089454246964
0.1,513,1,10.407891988127849
0.1,514,1,8.357673988555174
0.1,515,1,9.381226874847862
0.1,516,1,9.423782066996216
0.1,517,1,9.61849816721049
0.1,518,1,7.096797286580197
0.1,519,1,6.9914219110283335
0.1,520,1,7.607624117785534
0.1,521,1,6.672121548879944
0.1,522,1,8.45072928829063
0.1,523,1,8.853312994240857
0.1,524,1,8.59698184479204
0.1,525,1,8.457190122197803
0.1,526,1,9.191029730811774
0.1,527,1,6.1666328195263596
0.1,528,1,8.946957251162921
0.1,529,1,6.5582113588457265
0.1,530,1,7.901456799915722
0.1,531,1,8.015966508314436
0.1,532,1,8.668267007226136
0.1,533,1,7.169095581308209
0.1,534,1,7.846274258437701
0.1,535,1,7.69066767518008
0.1,536,1,7.6846874876502085
0.1,537,2,1.6248605723863192
0.1,538,1,9.126218318398648
0.1,539,1,7.796277748864281
0.1,540,1,8.684572788084907
0.1,541,1,7.93888333343116
0.1,542,1,8.032972685022418
0.1,543,1,7.740895842665652
0.1,544,1,7.606723855888343
0.1,545,1,7.724753340584383
0.1,546,1,9.164111804397995
0.1,547,1,8.412906131364577
0.1,548,1,8.554302614826064
0.1,549,1,8.802493718965982
0.1,550,1,7.121938637332206
0.1,551,1,7.066155549712532
0.1,552,1,6.646588127223006
0.1,553,1,7.86058092053838
0.1,554,1,8.00875308301711
0.1,555,1,9.36256133022259
0.1,556,1,9.134957726875497
0.1,557,1,6.867380368095709
0.1,558,1,6.443736500549267
0.1,559,1,6.945723913588432
0.1,560,1,9.69646311354943
0.1,561,1,7.68509443307763
0.1,562,1,8.97355270347552
0.1,563,1,7.716813668630089
0.1,564,1,7.142318845139317
0.1,565,1,9.264732103018982
0.1,566,1,7.342505721713205
0.1,567,1,7.480258611400927
0.1,568,1,7.453181003708336
0.1,569,1,8.267739958122323
0.1,570,1,8.013949802396935
0.1,571,1,7.993254514827054
0.1,572,1,7.214822220553266
0.1,573,2,3.969426676478461
0.1,574,0,6.661190805422876
0.1,575,1,7.268025584327191
0.1,576,1,8.105192939853755
0.1,577,1,8.603482666409882
0.1,578,2,3.117279478190012
0.1,579,1,8.505781865739838
0.1,580,1,6.9957893166187475
0.1,581,1,8.186338806310587
0.1,582,1,7.775839418164582
0.1,583,1,7.554002489462048
0.1,584,1,7.722729569115003
0.1,585,1,7.317600553462535
0.1,586,1,8.208548201195818
0.1,587,1,8.583784240909758
0.1,588,1,8.072799398990245
0.1,589,1,7.206151390662272
0.1,590,0,2.5620172591556485
0.1,591,0,4.393075936377127
0.1,592,1,7.722884077201791
0.1,593,1,8.002195260785005
0.1,594,1,7.667555944817697
0.1,595,1,7.372721073715088
0.1,596,1,7.7644947672035025
0.1,597,1,9.469510848778253
0.1,598,1,6.71620351672647
0.1,599,2,3.236661946497976
0.1,600,1,7.218373186808326
0.1,601,1,7.719547577683709
0.1,602,1,7.25366548868279
0.1,603,1,8.868327270062492
0.1,604,1,8.53676922594918
0.1,605,1,7.736118300920584
0.1,606,1,7.111202688069914
0.1,607,2,0.902574112413832
0.1,608,1,8.726564375126973
0.1,609,1,7.201930817988136
0.1,610,1,7.279959733430953
0.1,611,1,8.917282865363493
0.1,612,1,7.516159522878438
0.1,613,1,9.579590350486464
0.1,614,0,3.890114203456278
0.1,615,1,9.20248726112462
0.1,616,1,5.719587619501512
0.1,617,1,7.36764383396744
0.1,618,1,6.952094596155562
0.1,619,1,7.748422730218799
0.1,620,1,8.32449305407356
0.1,621,1,7.315695161273691
0.1,622,1,6.809416999677854
0.1,623,1,6.855133941855707
0.1,624,1,7.0424888792605636
0.1,625,1,9.501990497308649
0.1,626,1,9.28949552538585
0.1,627,1,7.481311460533142
0.1,628,1,6.671620558695802
0.1,629,1,11.117367860384928
0.1,630,1,7.354747111295905
0.1,631,1,7.551733242421692
0.1,632,1,8.690586490332093
0.1,633,1,6.8582533619073685
0.1,634,1,8.220790370125203
0.1,635,1,8.922596007253194
0.1,636,1,8.033285657343695
0.1,637,1,7.6554809439158475
0.1,638,1,7.320646629917393
0.1,639,1,8.034769212435437
0.1,640,1,7.561462069041836
0.1,641,1,7.861836335405721
0.1,642,1,8.463436273178418
0.1,643,1,7.470061019576203
0.1,644,1,7.573984119200725
0.1,645,1,8.539676115932522
0.1,646,1,9.441627924300626
0.1,647,1,7.890092069733887
0.1,648,1,9.35069037766393
0.1,649,1,9.539490823641755
0.1,650,1,8.14719722266221
0.1,651,1,7.024402773776345
0.1,652,1,10.783209193381225
0.1,653,1,8.82372785055829
0.1,654,1,7.484891154874335
0.1,655,1,7.283923491507852
0.1,656,1,6.790208037101502
0.1,657,1,7.833258589400725
0.1,658,1,7.957304941811704
0.1,659,1,8.46575012030978
0.1,660,1,8.705872770667142
0.1,661,1,8.51844198279325
0.1,662,1,8.824725863243383
0.1,663,1,7.559120692712424
0.1,664,1,7.577085776781604
0.1,665,1,6.440847342036726
0.1,666,0,3.074837576593262
0.1,667,1,7.622309167369463
0.1,668,1,8.843385090396637
0.1,669,1,7.886153025794441
0.1,670,1,7.636413653175832
0.1,671,1,7.596486809931816
0.1,672,1,7.978856424903153
0.1,673,1,6.822033210317189
0.1,674,0,4.411496121710087
0.1,675,1,6.5671338014821075
0.1,676,1,8.308108485570283
0.1,677,1,8.814154589995114
0.1,678,1,6.647784228927315
0.1,679,1,7.411352289335377
0.1,680,1,9.163584765591338
0.1,681,1,8.388643698946499
0.1,682,1,9.340247784789925
0.1,683,1,8.631309722541008
0.1,684,1,8.84988084836842
0.1,685,1,6.17685610880006
0.1,686,1,8.741903744858455
0.1,687,1,8.746328286293945
0.1,688,1,9.002675852389634
0.1,689,1,8.911831234934
0.1,690,1,8.428026873847763
0.1,691,1,7.602950939521755
0.1,692,1,7.049017992568373
0.1,693,1,7.796479174384363
0.1,694,2,2.4681326124543768
0.1,695,1,8.613481716745024
0.1,696,1,9.129035641639456
0.1,697,1,7.17365214273212
0.1,698,1,9.00103271904541
0.1,699,1,7.5812464098147245
0.1,700,2,2.603102055004793
0.1,701,1,9.579740016726806
0.1,702,1,9.105433459914853
0.1,703,1,8.82360070442004
0.1,704,1,6.338425219615018
0.1,705,0,6.092862980432487
0.1,706,1,7.112028597341967
0.1,707,1,8.76752352011559
0.1,708,1,6.9980914865498915
0.1,709,1,8.368504813636838
0.1,710,1,8.615752630322893
0.1,711,1,6.346853065660008
0.1,712,1,8.020456589991834
0.1,713,1,9.330134905127043
0.1,714,1,7.891516400502081
0.1,715,1,7.223516825318124
0.1,716,1,9.622323567134485
0.1,717,1,7.528047516780742
0.1,718,1,8.826192341633131
0.1,719,1,7.9369163279467125
0.1,720,1,7.882799955289727
0.1,721,1,8.297122054612847
0.1,722,0,4.933025743436006
0.1,723,1,8.185128958397069
0.1,724,1,9.128042568136154
0.1,725,1,9.180054709687385
0.1,726,1,8.28150964055343
0.1,727,1,8.088718870507217
0.1,728,1,8.3339421294015
0.1,729,1,9.752865229317717
0.1,730,1,5.445419527416693
0.1,731,1,6.864273418009551
0.1,732,1,8.85810235075117
0.1,733,1,6.908838162888186
0.1,734,1,9.209469604827067
0.1,735,1,8.415179052054976
0.1,736,1,9.089674901139263
0.1,737,1,7.474778113286722
0.1,738,1,6.674333650907615
0.1,739,1,9.935241069048086
0.1,740,1,8.492382796249494
0.1,741,1,9.060141116365825
0.1,742,1,7.446362446372455
0.1,743,1,7.827759148003115
0.1,744,1,8.205867277411837
0.1,745,1,8.325455692953932
0.1,746,1,7.4393501905496935
0.1,747,1,7.546937699188875
0.1,748,1,8.003360199359522
0.1,749,1,7.411557501404534
0.1,750,1,7.421997652080747
0.1,751,1,8.38489614042233
0.1,752,1,9.539576366470731
0.1,753,1,7.428581355221738
0.1,754,1,9.118730382107355
0.1,755,1,9.154504662952219
0.1,756,1,6.133627377244029
0.1,757,0,5.490123470240577
0.1,758,1,7.515875397013429
0.1,759,1,9.442908308450543
0.1,760,1,7.944186938022717
0.1,761,1,9.11069866433002
0.1,762,1,9.148891520151063
0.1,763,1,10.120905659408425
0.1,764,1,7.35336122933272
0.1,765,1,8.75656788867739
0.1,766,1,8.484656682465728
0.1,767,1,8.81248931621952
0.1,768,1,7.7973017461258
0.1,769,1,6.8306177653571485
0.1,770,1,6.787329856520578
0.1,771,1,5.666552300062704
0.1,772,1,8.53300294745286
0.1,773,1,7.491502919350852
0.1,774,1,6.920442115147098
0.1,775,1,8.101930755147457
0.1,776,1,9.056466973741278
0.1,777,1,7.666536491635089
0.1,778,1,7.472379070781701
0.1,779,1,9.639151676698967
0.1,780,1,8.598378043714058
0.1,781,2,4.756001234574649
0.1,782,1,7.104516487759559
0.1,783,1,6.450503909949738
0.1,784,1,8.449755272325794
0.1,785,1,8.489986753743135
0.1,786,1,8.211170812591494
0.1,787,1,8.456450703874511
0.1,788,1,6.81223231115834
0.1,789,0,6.427145097173765
0.1,790,1,9.158398038239804
0.1,791,1,7.874590384825173
0.1,792,1,8.338643517022202
0.1,793,1,8.01056755153043
0.1,794,1,8.264756099923305
0.1,795,1,6.382394095865813
0.1,796,1,7.824263913554634
0.1,797,2,3.1180101108792524
0.1,798,1,7.828606873971786
0.1,799,1,8.141935671029314
0.1,800,2,3.073824885541732
0.1,801,1,9.35348451556248
0.1,802,1,9.124950608851426
0.1,803,1,8.086119678920294
0.1,804,1,7.8858661369154675
0.1,805,1,6.608040686437713
0.1,806,1,8.30665146190951
0.1,807,1,7.588774595357547
0.1,808,1,9.522527753513238
0.1,809,1,6.734458041967798
0.1,810,1,7.828840177168117
0.1,811,1,5.812095581178834
0.1,812,1,8.110360241084209
0.1,813,1,8.47283753558559
0.1,814,1,8.746768368936966
0.1,815,2,1.8261616075787566
0.1,816,1,7.114844674897623
0.1,817,1,9.729566788779913
0.1,818,1,8.73163750709568
0.1,819,1,9.880741546209277
0.1,820,1,8.853605714693394
0.1,821,1,9.103600832694168
0.1,822,1,8.87604190991823
0.1,823,1,6.060236663225474
0.1,824,1,7.686091915336169
0.1,825,1,8.64237286105996
0.1,826,1,8.470331785656134
0.1,827,1,8.439210809885827
0.1,828,1,7.2866856235475925
0.1,829,1,7.384685011177876
0.1,830,1,7.551018831845652
0.1,831,1,8.599125996665702
0.1,832,1,6.118381362597548
0.1,833,1,8.4150461007497
0.1,834,1,6.898018385231915
0.1,835,1,7.754613117343817
0.1,836,1,9.280822149761935
0.1,837,1,6.947380668780712
0.1,838,1,8.550811580921355
0.1,839,1,7.388940760528151
0.1,840,1,7.121290832861733
0.1,841,1,7.306032883803255
0.1,842,1,7.285176543722902
0.1,843,1,7.667616948067494
0.1,844,1,7.6480477356406595
0.1,845,1,8.64917726488797
0.1,846,1,8.240106271149374
0.1,847,1,6.751846007581129
0.1,848,1,7.948545287954325
0.1,849,0,4.937309595214247
0.1,850,1,8.892775435323955
0.1,851,1,9.2246123840768
0.1,852,1,7.44848047837056
0.1,853,2,1.4486989267976935
0.1,854,1,8.26699079502681
0.1,855,1,7.619354963440783
0.1,856,1,8.387473831130889
0.1,857,1,7.471999737589644
0.1,858,1,7.799820622879153
0.1,859,1,6.960441031453868
0.1,860,1,9.21839280042192
0.1,861,1,8.743682684113477
0.1,862,1,5.933107874928585
0.1,863,1,7.207002440099842
0.1,864,1,6.964557468386825
0.1,865,1,7.558564383726359
0.1,866,1,8.911321588532472
0.1,867,1,7.0933475962969625
0.1,868,1,8.31482957690658
0.1,869,1,8.875292087093163
0.1,870,1,7.487441905282589
0.1,871,1,9.671641489609074
0.1,872,1,7.182717876183269
0.1,873,1,7.248681731245881
0.1,874,1,8.06089400943448
0.1,875,1,9.829971427064173
0.1,876,1,7.414448003428131
0.1,877,1,7.872392826475015
0.1,878,2,1.2810815395846624
0.1,879,1,7.598220496620553
0.1,880,1,7.759565031924336
0.1,881,1,5.97844524986381
0.1,882,1,8.607012552670989
0.1,883,1,6.797584291034411
0.1,884,1,7.638751430717122
0.1,885,1,10.225811891498697
0.1,886,1,8.00463301822155
0.1,887,1,8.275345766940774
0.1,888,1,8.24494199407939
0.1,889,1,7.470609148171181
0.1,890,2,3.1412970623385204
0.1,891,1,7.511280228661778
0.1,892,1,9.081349928654518
0.1,893,1,7.078420043080533
0.1,894,1,8.11307114495632
0.1,895,1,8.155443860760002
0.1,896,2,3.4056129918830678
0.1,897,1,8.745158838332781
0.1,898,0,4.543592173408135
0.1,899,1,7.5879553988728725
0.1,900,1,7.152443005321039
0.1,901,1,7.902592493702622
0.1,902,1,7.855257905969089
0.1,903,1,8.603977717462879
0.1,904,1,7.500851234990082
0.1,905,1,7.6147538990392185
0.1,906,1,8.195248158647091
0.1,907,1,10.275540287418924
0.1,908,1,8.559366854845573
0.1,909,1,6.7597877485369535
0.1,910,1,9.142768673218415
0.1,911,1,8.092160119052417
0.1,912,0,4.954194796279764
0.1,913,1,7.013905651985433
0.1,914,1,8.05769059311842
0.1,915,1,7.2074843272358935
0.1,916,1,9.048867423785877
0.1,917,1,7.170503209139324
0.1,918,1,7.296669159936175
0.1,919,1,7.2015492624988475
0.1,920,1,8.904208238823939
0.1,921,1,7.948984097096953
0.1,922,1,7.086401666258258
0.1,923,1,8.098690627214927
0.1,924,1,6.849531765161288
0.1,925,1,7.948345375389116
0.1,926,1,9.939893955083784
0.1,927,1,6.911387252783586
0.1,928,1,6.05318214846727
0.1,929,1,7.783643779514447
0.1,930,1,8.861547937600568
0.1,931,1,6.99205375870832
0.1,932,1,10.09846546578029
0.1,933,1,7.8913715525044195
0.1,934,1,6.9937817209360365
0.1,935,1,7.381951273492558
0.1,936,1,8.189404993202183
0.1,937,1,8.791686010879491
0.1,938,1,8.838102784543539
0.1,939,1,7.855864640316751
0.1,940,1,10.01213821033112
0.1,941,1,8.162775654481873
0.1,942,1,8.39237765766965
0.1,943,1,7.599472232210161
0.1,944,1,6.861681334723978
0.1,945,1,8.621127371024288
0.1,946,1,7.642901438490427
0.1,947,2,2.388631391471022
0.1,948,1,10.540318862715571
0.1,949,0,4.792246935975949
0.1,950,1,7.052388450087175
0.1,951,1,6.4783171661775665
0.1,952,1,9.936638373638054
0.1,953,1,7.830025151806602
0.1,954,1,7.711076949238366
0.1,955,1,7.817864234043382
0.1,956,1,6.673472011040636
0.1,957,1,6.577221789776404
0.1,958,1,9.177085675663795
0.1,959,1,8.397626610413754
0.1,960,1,8.121361115306769
0.1,961,1,7.92546343724686
0.1,962,1,9.977391937390456
0.1,963,1,8.386619644677594
0.1,964,1,6.506225516758953
0.1,965,1,7.485359195143229
0.1,966,1,7.765567378085356
0.1,967,1,5.27879869315643
0.1,968,1,7.19702586844046
0.1,969,1,6.974832499418889
0.1,970,1,9.855129065793026
0.1,971,1,9.617152344675251
0.1,972,1,8.887267444667819
0.1,973,1,8.95263529906324
0.1,974,1,8.682287148261143
0.1,975,1,8.069107244189354
0.1,976,1,9.411388956458731
0.1,977,1,7.778574707836309
0.1,978,1,8.235427091703649
0.1,979,1,7.069672491645925
0.1,980,0,3.248277969481727
0.1,981,1,7.7281409311674745
0.1,982,1,8.615655480737217
0.1,983,1,9.809894746990295
0.1,984,1,7.476266988400632
0.1,985,1,7.968071939449468
0.1,986,1,8.19367972441431
0.1,987,1,6.711940015788047
0.1,988,1,7.780805558882689
0.1,989,1,6.100860513708016
0.1,990,1,7.544143519992345
0.1,991,1,9.300600213054663
0.1,992,1,8.129780431312703
0.1,993,1,7.927904721287134
0.1,994,2,2.9571104903473087
0.1,995,1,8.51162201472345
0.1,996,1,8.069249399809037
0.1,997,1,6.710426669289747
0.1,998,1,7.35283466270256
0.1,999,1,7.32039962650451
0.3,0,0,3.7316719617599468
0.3,1,0,5.458385341431227
0.3,2,2,4.403353994696832
0.3,3,0,3.555908671747506
0.3,4,0,2.7963317901863283
0.3,5,0,5.508662065863114
0.3,6,0,5.575978796052909
0.3,7,0,3.238926998719392
0.3,8,0,2.234776147295553
0.3,9,0,6.26878977868691
0.3,10,0,4.875849130332952
0.3,11,0,5.577750561593076
0.3,12,0,5.943445528186673
0.3,13,2,3.9423577545519564
0.3,14,0,5.248962102879495
0.3,15,1,8.310382155008522
0.3,16,0,4.930068206482274
0.3,17,0,4.723324494392306
0.3,18,0,3.7069242769441306
0.3,19,0,3.452865631106002
0.3,20,0,3.311840040535815
0.3,21,0,5.540991633217012
0.3,22,0,3.8070957574044915
0.3,23,0,3.746667337773127
0.3,24,2,1.5350376829351033
0.3,25,0,5.604726964831344
0.3,26,2,4.639541438019837
0.3,27,0,4.741838539485646
0.3,28,0,6.258265928155932
0.3,29,0,5.848961618656514
0.3,30,0,2.603233584040475
0.3,31,0,3.530702736451696
0.3,32,0,3.3440158039747505
0.3,33,0,2.85179759663896
0.3,34,0,6.442091960441691
0.3,35,0,4.625765488444621
0.3,36,0,4.644798208327303
0.3,37,0,3.827732736435638
0.3,38,1,7.387100078818181
0.3,39,2,2.8534418532451222
0.3,40,0,6.1036232426736765
0.3,41,0,5.266427688789372
0.3,42,2,3.6346190600965715
0.3,43,1,7.930932841633602
0.3,44,0,4.309222649073411
0.3,45,0,5.458270949637162
0.3,46,0,6.502416189547306
0.3,47,1,7.3711816049626915
0.3,48,0,6.314715325042022
0.3,49,0,6.3046439782731065
0.3,50,0,5.36280771760795
0.3,51,2,3.461417715617056
0.3,52,2,2.8934230917067865
0.3,53,0,6.770961470672671
0.3,54,0,5.706943886218104
0.3,55,0,4.2591557360916585
0.3,56,0,5.7293866958184765
0.3,57,0,4.32267058863628
0.3,58,0,5.802235513983546
0.3,59,0,4.57297690185053
0.3,60,2,2.344529330227199
0.3,61,0,6.6303208321421385
0.3,62,0,5.230628865484372
0.3,63,0,3.542354132641817
0.3,64,1,9.308995969928116
0.3,65,0,4.582598125784429
0.3,66,0,5.388176422806404
0.3,67,2,2.9311339355791444
0.3,68,0,4.365621502871189
0.3,69,0,6.307994956602794
0.3,70,0,5.01554931527386
0.3,71,1,8.33363758944977
0.3,72,1,7.375453530668236
0.3,73,1,7.56751621892529
0.3,74,1,8.629483789961915
0.3,75,0,6.890426895643433
0.3,76,0,4.45971578365886
0.3,77,0,5.075089431708411
0.3,78,2,1.4937039799174403
0.3,79,0,5.853471359655668
0.3,80,0,5.237450981365084
0.3,81,0,4.855233790999001
0.3,82,0,4.4243143198603
0.3,83,0,5.692069391433147
0.3,84,0,5.880798411962088
0.3,85,0,5.518542440812978
0.3,86,0,5.894323046420116
0.3,87,1,7.83324916027089
0.3,88,2,2.931131254476674
0.3,89,0,4.8963614117103145
0.3,90,0,4.813466553837752
0.3,91,0,4.85372800829408
0.3,92,0,5.219682538885265
0.3,93,0,5.597700501468857
0.3,94,0,4.12275789049502
0.3,95,1,7.279467595880015
0.3,96,1,8.413446011420945
0.3,97,0,3.787301848089723
0.3,98,1,8.903405315454487
0.3,99,1,8.470731494159047
0.3,100,1,7.899036291210874
0.3,101,1,7.176890412001315
0.3,102,2,3.6427732751497466
0.3,103,1,7.644849343416021
0.3,104,1,7.766593181657807
0.3,105,0,4.288988077391939
0.3,106,1,8.426032837801337
0.3,107,1,7.980287637229983
0.3,108,1,7.517545326261678
0.3,109,1,4.996242676866069
0.3,110,1,8.331498789206606
0.3,111,1,7.80475737641036
0.3,112,1,7.499852211904719
0.3,113,1,6.82708704383702
0.3,114,1,5.582774532511769
0.3,115,1,7.825167332252979
0.3,116,1,6.3285403077519575
0.3,117,1,7.134902007435733
0.3,118,2,2.955875181221718
0.3,119,0,5.152678425498117
0.3,120,1,7.957969417864696
0.3,121,1,8.49190547417302
0.3,122,1,8.503585679352664
0.3,123,1,6.740041076076603
0.3,124,1,8.08935673896343
0.3,125,1,8.600567788178118
0.3,126,1,8.717479999049486
0.3,127,1,7.758013336107137
0.3,128,1,8.951241610380219
0.3,129,2,1.8371486069654306
0.3,130,1,8.684943068048119
0.3,131,1,7.697626976606239
0.3,132,1,6.654602104135364
0.3,133,1,7.840168386527609
0.3,134,1,9.284286148016585
0.3,135,1,9.564589178813382
0.3,136,1,8.354921092082387
0.3,137,1,7.376919961805143
0.3,138,1,6.914320584228186
0.3,139,1,8.196895376321525
0.3,140,2,3.5812038836176994
0.3,141,1,5.82917536815782
0.3,142,1,8.102856926403875
0.3,143,1,8.596811662115654
0.3,144,1,7.868585287359286
0.3,145,1,7.475938622286355
0.3,146,0,5.679614811959589
0.3,147,0,5.478952968244786
0.3,148,1,8.651582691592834
0.3,149,1,6.92179780598445
0.3,150,0,3.737090615754745
0.3,151,1,8.091753452618207
0.3,152,1,7.490132903676379
0.3,153,1,9.751658194953
0.3,154,1,7.129928232703798
0.3,155,2,3.2448043477616255
0.3,156,0,6.162035428659483
0.3,157,1,7.359721522633931
0.3,158,1,8.10469957456942
0.3,159,0,5.525369682733974
0.3,160,1,6.672191784007296
0.3,161,1,9.583274573832206
0.3,162,2,3.789027090667944
0.3,163,2,3.1302324785974984
0.3,164,0,5.3369961272718625
0.3,165,2,1.6201454449704733
0.3,166,1,7.797425818602601
0.3,167,1,7.885371359458314
0.3,168,0,4.922863326525319
0.3,169,1,9.89404786814581
0.3,170,1,8.263330227840303
0.3,171,1,7.9814445881629785
0.3,172,1,9.491816029157912
0.3,173,1,8.94798647970024
0.3,174,1,8.037773581144391
0.3,175,1,6.710904651704043
0.3,176,1,8.280160994343387
0.3,177,0,4.794800685185814
0.3,178,1,6.280130460216476
0.3,179,0,5.337467998338292
0.3,180,1,7.446039218261571
0.3,181,1,7.90613178715614
0.3,182,1,9.543789079637836
0.3,183,1,8.213994258054662
0.3,184,1,7.601690843742766
0.3,185,1,7.485340817469807
0.3,186,0,3.802843303202888
0.3,187,0,4.531930263370627
0.3,188,2,1.5869304372180557
0.3,189,0,4.038783451905241
0.3,190,1,8.021248523395018
0.3,191,1,7.417133563747257
0.3,192,1,10.27412230561619
0.3,193,1,8.617726732760076
0.3,194,0,3.6813599795034113
0.3,195,1,7.547507467661939
0.3,196,1,8.3665368130772
0.3,197,0,4.530687053128256
0.3,198,2,3.9262775531277927
0.3,199,1,8.874030911745605
0.3,200,1,6.663577934141417
0.3,201,1,7.774027599389196
0.3,202,1,7.692262685658618
0.3,203,0,5.050202745071883
0.3,204,0,5.650872151876258
0.3,205,1,7.771695993291765
0.3,206,0,4.528145233745993
0.3,207,1,8.035632520527596
0.3,208,2,1.828573674984888
0.3,209,1,7.57996574226599
0.3,210,1,7.746362723701727
0.3,211,1,9.108984134115474
0.3,212,1,7.841678808588609
0.3,213,1,8.47222478416107
0.3,214,1,7.685236091465228
0.3,215,0,4.70971328590816
0.3,216,1,10.264305487726137
0.3,217,1,6.900173223820422
0.3,218,0,5.118400959707183
0.3,219,1,9.801254541516204
0.3,220,0,4.972650442588092
0.3,221,1,8.355825351763816
0.3,222,1,6.402004048664579
0.3,223,2,2.3778483156481593
0.3,224,1,9.203827954727643
0.3,225,0,3.7135784527037887
0.3,226,1,7.518914746557634
0.3,227,1,7.310260137455025
0.3,228,2,4.7493119040711935
0.3,229,1,9.789183271249241
0.3,230,1,7.639006876591058
0.3,231,1,6.897298612502401
0.3,232,1,7.046403926183887
0.3,233,0,3.7632175938708246
0.3,234,1,9.535176266308536
0.3,235,1,7.229394248361018
0.3,236,1,7.0021153716716995
0.3,237,1,8.525647190975524
0.3,238,0,5.430234129389981
0.3,239,1,7.836261316470004
0.3,240,1,7.358454604987018
0.3,241,1,8.835467590949673
0.3,242,2,3.4870661601645723
0.3,243,1,8.07904370482369
0.3,244,1,8.492385178030732
0.3,245,1,6.79064522385271
0.3,246,1,6.022571654557285
0.3,247,1,8.152955331883833
0.3,248,1,7.873008969149144
0.3,249,0,6.144163496921884
0.3,250,1,8.288687236173496
0.3,251,1,8.495492158359479
0.3,252,1,9.153408558247776
0.3,253,1,7.642399305189727
0.3,254,1,6.7046207930026025
0.3,255,1,8.735466616091564
0.3,256,1,8.52784012201652
0.3,257,1,7.307798304273084
0.3,258,1,7.677248058906172
0.3,259,1,6.581225338370388
0.3,260,1,8.721888472581046
0.3,261,2,4.313957070018086
0.3,262,1,7.137307066490625
0.3,263,1,7.380938006302864
0.3,264,1,8.778745889124592
0.3,265,2,4.483858902511263
0.3,266,1,8.379724794944899
0.3,267,0,6.721195646816507
0.3,268,0,5.189531540238277
0.3,269,2,1.8901695275449455
0.3,270,1,6.9750486461891015
0.3,271,1,7.134495701255274
0.3,272,1,8.850543091996132
0.3,273,1,8.869548161656791
0.3,274,1,8.42355664753254
0.3,275,1,6.542443672627143
0.3,276,0,5.162964620958318
0.3,277,1,8.49923462614848
0.3,278,1,8.161627649771445
0.3,279,1,8.932554748499847
0.3,280,0,6.600740690820484
0.3,281,0,3.313071348835458
0.3,282,0,4.2970262806112665
0.3,283,1,6.899527381919987
0.3,284,1,7.462947334409744
0.3,285,1,7.907983915520137
0.3,286,1,10.426233853722866
0.3,287,1,7.446744263100623
0.3,288,1,6.5912917789852585
0.3,289,1,8.756603872022128
0.3,290,1,8.513025076678211
0.3,291,0,4.30270281246226
0.3,292,1,9.4516235280582
0.3,293,1,9.783137710225265
0.3,294,1,8.612035691308867
0.3,295,1,8.74712323211054
0.3,296,1,8.289645800773696
0.3,297,1,7.496446329964565
0.3,298,1,8.505373302917487
0.3,299,0,4.297769114402778
0.3,300,1,9.037184407729542
0.3,301,1,9.535184967771459
0.3,302,0,4.425641665286696
0.3,303,1,9.121271754928687
0.3,304,1,6.698125439917596
0.3,305,1,7.218512851169622
0.3,306,1,8.745146530462675
0.3,307,1,7.202718332324784
0.3,308,1,8.807283712676748
0.3,309,1,8.735487058608063
0.3,310,1,8.049603529793101
0.3,311,1,8.745603252898787
0.3,312,1,8.305635026520678
0.3,313,1,7.20422664856582
0.3,314,1,6.210709007238873
0.3,315,1,6.43658427464361
0.3,316,1,9.158255440390235
0.3,317,0,4.875600524097746
0.3,318,1,8.580368845315052
0.3,319,1,8.686353140962852
0.3,320,1,8.395574416387431
0.3,321,1,6.291120765869223
0.3,322,1,7.9984794621486826
0.3,323,2,4.1513238474439085
0.3,324,1,7.821367976500519
0.3,325,0,4.212165457352685
0.3,326,1,7.061377754366177
0.3,327,1,6.553490903701345
0.3,328,1,7.544368363959229
0.3,329,1,7.626170299747319
0.3,330,0,5.607690991059634
0.3,331,1,7.064831069225195
0.3,332,1,8.191299399976742
0.3,333,0,5.311292927490274
0.3,334,1,7.46704741392578
0.3,335,1,7.401664692714757
0.3,336,2,4.024400206143277
0.3,337,2,1.7952690810096157
0.3,338,1,7.3573239333563505
0.3,339,1,6.964638462516474
0.3,340,1,7.499642969314987
0.3,341,1,6.819706058228521
0.3,342,1,7.646398138782172
0.3,343,1,7.264056084016668
0.3,344,2,4.120728124632311
0.3,345,0,4.867309343327432
0.3,346,1,7.4404003886723515
0.3,347,1,5.919173103181537
0.3,348,1,8.071170393053192
0.3,349,1,9.468278822879165
0.3,350,1,7.834157319545638
0.3,351,1,9.670121512136795
0.3,352,1,7.7615259498003315
0.3,353,1,7.801852508421363
0.3,354,1,7.996250626836861
0.3,355,1,8.631201592428225
0.3,356,1,7.078712453436288
0.3,357,1,8.930091849180926
0.3,358,1,9.253980187344922
0.3,359,1,9.66695012676624
0.3,360,1,9.234132538096606
0.3,361,1,6.86304469960287
0.3,362,0,4.245860265706995
0.3,363,0,4.748414668461249
0.3,364,2,3.7627882296495088
0.3,365,1,7.836703789210141
0.3,366,1,7.161312273645451
0.3,367,1,8.686515320018838
0.3,368,0,4.760233115360755
0.3,369,2,1.4012561485111432
0.3,370,1,8.512502585125437
0.3,371,0,6.125347814492539
0.3,372,1,7.569588916726591
0.3,373,2,1.7232088575592777
0.3,374,1,9.386220291910647
0.3,375,1,8.1624629780177
0.3,376,1,8.565658347403902
0.3,377,1,6.980972876614008
0.3,378,1,7.306291213527185
0.3,379,1,6.591240780181709
0.3,380,1,7.749774672392112
0.3,381,2,2.8669435056362294
0.3,382,1,8.705131780656117
0.3,383,1,7.891122348607654
0.3,384,1,7.690814711772611
0.3,385,0,4.8572330466461064
0.3,386,1,6.582401967323332
0.3,387,1,7.987094102775748
0.3,388,1,7.612846361624322
0.3,389,1,7.8750694824626875
0.3,390,1,6.000595932683009
0.3,391,0,4.2947035715264015
0.3,392,1,7.948811589830855
0.3,393,1,7.934257018096868
0.3,394,0,5.213222828385174
0.3,395,1,7.965251095660646
0.3,396,1,7.29351322957528
0.3,397,1,7.3558113739560795
0.3,398,1,7.208230723609031
0.3,399,1,9.524277548709147
0.3,400,2,3.0195941965004853
0.3,401,1,8.70324125457114
0.3,402,1,6.182443935421206
0.3,403,1,7.693843150994811
0.3,404,1,8.466847453648592
0.3,405,1,9.737360510863963
0.3,406,2,3.5447123720754283
0.3,407,1,7.367779434482006
0.3,408,1,7.906734846312537
0.3,409,1,6.70945639983428
0.3,410,1,9.345653324527962
0.3,411,0,5.142140221976806
0.3,412,1,6.103642737811676
0.3,413,1,9.076599530508064
0.3,414,1,7.564513191759353
0.3,415,1,7.320822983190327
0.3,416,0,5.752265945650637
0.3,417,1,6.864419040378078
0.3,418,1,8.090058654658941
0.3,419,1,7.429909771143445
0.3,420,0,5.851136004767806
0.3,421,2,3.6402128036541495
0.3,422,1,9.04357657177231
0.3,423,1,9.23360005674197
0.3,424,1,7.867075339320031
0.3,425,1,8.842239775869844
0.3,426,0,7.8988083986741096
0.3,427,0,4.606066924930427
0.3,428,1,8.25822173355176
0.3,429,1,8.216036301178251
0.3,430,1,7.616978779814234
0.3,431,1,8.393628070330957
0.3,432,1,8.223956959141086
0.3,433,1,8.202807286483674
0.3,434,1,8.162112503910462
0.3,435,1,7.563306055215736
0.3,436,1,9.169569891044713
0.3,437,0,5.317320372669073
0.3,438,1,7.2729568516148175
0.3,439,1,7.218898913055461
0.3,440,0,5.5614886493226745
0.3,441,1,7.697559796570331
0.3,442,1,8.904665028053433
0.3,443,1,6.420219165787081
0.3,444,1,8.906472181006055
0.3,445,1,7.513612046048396
0.3,446,0,5.076407683890918
0.3,447,1,7.346443367008008
0.3,448,1,7.852988262064094
0.3,449,1,8.936902274644703
0.3,450,2,1.1827140521859838
0.3,451,1,7.939469874580718
0.3,452,1,7.095116425658483
0.3,453,1,9.074144512958059
0.3,454,1,8.207703472880478
0.3,455,1,7.311419111883846
0.3,456,1,8.241310468935781
0.3,457,1,7.963082568103144
0.3,458,2,2.954111652458207
0.3,459,1,8.963234226981974
0.3,460,0,5.6710556358121025
0.3,461,2,2.808377998228059
0.3,462,1,8.63837697441258
0.3,463,2,1.1672999791335226
0.3,464,1,7.426700113537158
0.3,465,1,8.659172696692377
0.3,466,1,6.898059915678816
0.3,467,2,3.1175736887954395
0.3,468,1,8.988700204136473
0.3,469,1,9.206590157981685
0.3,470,1,7.76422679798579
0.3,471,1,7.1858339284333175
0.3,472,1,6.852372164705765
0.3,473,1,9.08128335283936
0.3,474,1,8.392012905960918
0.3,475,1,6.31754198819478
0.3,476,1,8.709229745208425
0.3,477,1,5.858567331050503
0.3,478,1,7.454606383358567
0.3,479,1,7.194491561497355
0.3,480,0,3.3320630077331757
0.3,481,1,7.810391578696079
0.3,482,1,8.773048672702346
0.3,483,1,7.121209100281826
0.3,484,1,7.782695379327376
0.3,485,1,7.6785781523027445
0.3,486,1,6.785962754909121
0.3,487,1,8.487594697981793
0.3,488,1,8.701070244698666
0.3,489,1,10.616521317554124
0.3,490,1,7.4478335100655135
0.3,491,1,7.617937203785698
0.3,492,2,3.930586992117573
0.3,493,0,5.388451391116775
0.3,494,1,8.388159404613065
0.3,495,2,3.534527521477667
0.3,496,2,2.7241277822896723
0.3,497,1,6.711377516519247
0.3,498,1,7.492094427422211
0.3,499,0,4.597723514652065
0.3,500,1,9.005538862053893
0.3,501,1,8.27297649613469
0.3,502,1,8.206380071385224
0.3,503,1,8.674752210890185
0.3,504,1,8.277167166050686
0.3,505,2,2.064659704396169
0.3,506,1,8.606316138203457
0.3,507,1,9.362995321876175
0.3,508,1,9.582619262005187
0.3,509,1,7.21602122585383
0.3,510,1,9.375702320017593
0.3,511,1,7.138458986226002
0.3,512,1,8.099243895397581
0.3,513,1,9.424538685857566
0.3,514,1,7.573242656303832
0.3,515,1,8.294164027465369
0.3,516,1,8.045252799715875
0.3,517,1,7.661365316415798
0.3,518,1,6.488956630685487
0.3,519,1,8.283952901377113
0.3,520,1,8.436198474645439
0.3,521,2,1.9721607857771484
0.3,522,1,6.497015256534672
0.3,523,1,9.356367265807245
0.3,524,1,7.8983527250275
0.3,525,1,8.316935584460186
0.3,526,1,9.19570504980739
0.3,527,1,9.853418632374854
0.3,528,1,6.660571305545195
0.3,529,1,8.010019038428725
0.3,530,1,7.582565485625557
0.3,531,1,6.898101154972252
0.3,532,1,8.71511038506541
0.3,533,1,9.698923749664273
0.3,534,1,8.864030076631664
0.3,535,2,3.033659161026354
0.3,536,1,6.285929291949323
0.3,537,1,8.28903729957458
0.3,538,1,7.5785891107599905
0.3,539,1,8.74638984733384
0.3,540,1,6.613335242588535
0.3,541,1,6.36940825763354
0.3,542,1,8.279128127151594
0.3,543,1,8.0979911306934
0.3,544,1,8.289174840664282
0.3,545,0,6.055433549991154
0.3,546,1,8.232631053514394
0.3,547,1,7.280485072288863
0.3,548,1,9.248016874964808
0.3,549,2,2.5644552207065634
0.3,550,1,8.62569008371757
0.3,551,1,7.6158182606153515
0.3,552,0,5.183248997394713
0.3,553,1,6.558667119620614
0.3,554,1,7.1040500835560625
0.3,555,1,6.622401320425218
0.3,556,1,7.547228803532377
0.3,557,0,3.750682258072057
0.3,558,1,8.570282031714541
0.3,559,1,10.170337458699075
0.3,560,2,3.3847802361432007
0.3,561,1,8.160416049346608
0.3,562,1,8.894911960831937
0.3,563,1,6.684646797076888
0.3,564,1,6.710562530438073
0.3,565,0,3.2132006081079343
0.3,566,1,7.065209543421856
0.3,567,1,9.142783261175303
0.3,568,0,6.125157335055723
0.3,569,1,8.79789243926271
0.3,570,1,8.666085143134936
0.3,571,1,7.364782158458452
0.3,572,1,6.771034328687525
0.3,573,0,5.804868991253553
0.3,574,2,2.4664730867301925
0.3,575,2,2.673341588768049
0.3,576,1,5.3696808864082515
0.3,577,0,7.049158672373425
0.3,578,1,7.962358382266686
0.3,579,1,7.758081458782394
0.3,580,2,3.5804899982136056
0.3,581,1,7.997987735714017
0.3,582,1,7.628525721132035
0.3,583,1,7.61880241880989
0.3,584,1,7.444713216553764
0.3,585,1,5.856057309808628
0.3,586,1,8.566262413755346
0.3,587,1,8.661190930254719
0.3,588,0,6.268772465084243
0.3,589,1,7.616860006025197
0.3,590,1,7.402261879630742
0.3,591,0,6.1557762672855585
0.3,592,1,9.986213368747789
0.3,593,1,8.517371750655448
0.3,594,1,8.330333595800932
0.3,595,2,4.501824041028719
0.3,596,1,8.662307951335748
0.3,597,1,8.368357323864808
0.3,598,1,6.943157308905233
0.3,599,2,3.6365194532613887
0.3,600,2,2.5627693336793076
0.3,601,1,9.747737380150703
0.3,602,1,7.852752275605053
0.3,603,1,10.054187001441505
0.3,604,1,6.731961426185168
0.3,605,1,8.642295283677313
0.3,606,0,4.071834002142174
0.3,607,2,1.426532506764388
0.3,608,1,7.902473669958229
0.3,609,1,6.982652085976942
0.3,610,1,8.580269431159921
0.3,611,1,7.227549881404414
0.3,612,1,9.999946839495221
0.3,613,1,9.083586010648657
0.3,614,1,8.056340255554689
0.3,615,1,7.356771843358324
0.3,616,1,9.380009087318296
0.3,617,1,7.735680714410289
0.3,618,2,4.417466038337443
0.3,619,1,6.733486701218972
0.3,620,2,4.457682546526206
0.3,621,1,8.345643165584502
0.3,622,1,8.469806579888024
0.3,623,1,10.331928899421575
0.3,624,1,7.9721306978408615
0.3,625,0,5.61915427654094
0.3,626,1,7.191574515743665
0.3,627,0,3.9114927589985315
0.3,628,1,9.935415874783722
0.3,629,1,8.19595251789408
0.3,630,1,9.841750303261056
0.3,631,1,8.642494074344567
0.3,632,1,7.438578688121854
0.3,633,0,5.116773055410072
0.3,634,1,8.34492462954051
0.3,635,1,7.596876365935925
0.3,636,1,8.736912399637975
0.3,637,1,7.59020485001168
0.3,638,0,3.170716945385797
0.3,639,1,7.737805152988895
0.3,640,0,5.111115899423835
0.3,641,0,4.712160106360034
0.3,642,1,8.805681186041646
0.3,643,1,9.349393132979946
0.3,644,1,7.858207946570682
0.3,645,2,4.258825038188204
0.3,646,1,9.079128551167116
0.3,647,1,6.653293746737997
0.3,648,1,8.466649254136183
0.3,649,1,7.662966325376529
0.3,650,1,7.006181625748488
0.3,651,1,8.450490920496408
0.3,652,1,6.656677919226361
0.3,653,1,8.619543572911676
0.3,654,1,7.999797875441353
0.3,655,1,9.367620681927496
0.3,656,1,9.518359983332141
0.3,657,1,8.615953773764689
0.3,658,1,9.097836135496873
0.3,659,1,8.464005291674145
0.3,660,1,7.25029066793854
0.3,661,1,7.808199074367529
0.3,662,1,6.794727676725323
0.3,663,1,6.955173419639351
0.3,664,2,3.0664043018545617
0.3,665,1,9.25445115511457
0.3,666,1,9.511748581627522
0.3,667,1,7.508269081038687
0.3,668,2,2.2661202425182694
0.3,669,1,8.481476818195842
0.3,670,1,7.8307652911745596
0.3,671,2,2.001435808114117
0.3,672,1,6.9873243466244634
0.3,673,1,8.749151611150458
0.3,674,1,7.531538565228194
0.3,675,1,7.443055673525017
0.3,676,1,9.615378587702079
0.3,677,0,5.797891437991339
0.3,678,1,6.505808468466088
0.3,679,1,8.387365226670818
0.3,680,1,10.230036567891666
0.3,681,1,7.797264407156568
0.3,682,1,8.808543921118732
0.3,683,1,9.705134942246483
0.3,684,1,5.546144301939989
0.3,685,1,8.302771902475236
0.3,686,2,2.1287515529685175
0.3,687,1,8.699510168396928
0.3,688,1,8.413584675893617
0.3,689,1,9.629048822972065
0.3,690,1,6.2770940166431135
0.3,691,2,4.924803254746677
0.3,692,1,7.499338858578868
0.3,693,1,6.8686557510011905
0.3,694,0,5.764411895834535
0.3,695,0,5.042397763910482
0.3,696,1,8.431565442998112
0.3,697,2,4.579462362129309
0.3,698,1,9.395226291748275
0.3,699,1,7.68783283952913
0.3,700,1,8.518942352473317
0.3,701,1,7.986786848805114
0.3,702,1,7.83740053628686
0.3,703,1,7.438248939975329
0.3,704,1,9.40033669748024
0.3,705,1,8.073384535706836
0.3,706,1,6.809529939385504
0.3,707,1,8.45655553151842
0.3,708,1,8.810478374634927
0.3,709,1,8.331104812457264
0.3,710,1,5.977336821755273
0.3,711,1,6.904491260608263
0.3,712,0,5.164896435454167
0.3,713,1,8.317155387618508
0.3,714,1,7.650925697422096
0.3,715,0,4.879841114210165
0.3,716,1,7.677344268849674
0.3,717,2,2.7410135912520484
0.3,718,1,6.547849348632096
0.3,719,2,3.1528892017723265
0.3,720,0,4.0161486324465585
0.3,721,1,7.998695936165938
0.3,722,1,8.025055016453702
0.3,723,1,8.033920565135604
0.3,724,1,5.619182489682456
0.3,725,1,8.469325844273502
0.3,726,1,8.271876161531111
0.3,727,0,6.2182721125416425
0.3,728,1,7.875320702804874
0.3,729,1,7.25828250229949
0.3,730,1,8.686671704086017
0.3,731,1,9.003676563918587
0.3,732,1,7.7765706679797955
0.3,733,0,6.207707363356111
0.3,734,1,8.031377696632738
0.3,735,1,5.944617729428309
0.3,736,1,7.441208025933673
0.3,737,1,8.94250023820635
0.3,738,1,7.7126520548148765
0.3,739,1,7.865365444573582
0.3,740,1,9.165872637710399
0.3,741,1,9.16507084302275
0.3,742,1,9.156918866767866
0.3,743,1,7.711339817396886
0.3,744,1,7.809655749190294
0.3,745,2,2.3093637366604858
0.3,746,1,7.43472361939703
0.3,747,2,3.3342865403918425
0.3,748,1,10.139140359290778
0.3,749,1,7.175817319540963
0.3,750,0,3.7504444568269992
0.3,751,1,8.900627441268274
0.3,752,1,7.264308033628595
0.3,753,1,7.532176573803986
0.3,754,1,6.729074015102145
0.3,755,2,2.7197019143044354
0.3,756,0,4.432108465080731
0.3,757,1,8.968594752283899
0.3,758,1,7.376212119735537
0.3,759,0,6.136507898431217
0.3,760,0,4.607194845864638
0.3,761,2,4.318181871412294
0.3,762,1,8.321523774633368
0.3,763,1,8.295406977885895
0.3,764,1,7.632093347566036
0.3,765,1,7.970773742076477
0.3,766,1,9.031125887349793
0.3,767,0,6.506618733822909
0.3,768,1,7.723291611386921
0.3,769,1,7.427485844257963
0.3,770,1,8.370595326574104
0.3,771,1,8.868867928226146
0.3,772,0,5.337408592560578
0.3,773,0,3.9734078166271574
0.3,774,1,7.324791109501236
0.3,775,0,5.348738890880522
0.3,776,2,2.947608736114412
0.3,777,1,6.347029963100244
0.3,778,2,3.527047096566721
0.3,779,1,8.501957815228876
0.3,780,0,4.405882063383055
0.3,781,2,2.6173617618092386
0.3,782,1,10.09122409109656
0.3,783,1,8.081837192665041
0.3,784,1,6.262426478229009
0.3,785,1,7.041295303219606
0.3,786,1,8.229219723160435
0.3,787,1,6.291854854392941
0.3,788,1,7.555157534537121
0.3,789,1,8.589765020409168
0.3,790,1,7.858631781493887
0.3,791,1,8.913546404441856
0.3,792,1,8.319972096898002
0.3,793,0,4.8919292171585305
0.3,794,0,5.387746233299853
0.3,795,2,1.9268428815467402
0.3,796,1,8.321293229969779
0.3,797,1,9.368183679848903
0.3,798,1,8.22056624072158
0.3,799,1,8.335460431045703
0.3,800,1,7.820437206265884
0.3,801,2,4.627814259893807
0.3,802,1,8.771607914807332
0.3,803,1,6.138546213428526
0.3,804,1,7.209334464534081
0.3,805,2,1.868006773298186
0.3,806,0,4.626019199966453
0.3,807,2,3.626229032218779
0.3,808,1,8.083655521831488
0.3,809,1,7.417233625592173
0.3,810,1,9.194190173245884
0.3,811,0,3.254651450866076
0.3,812,1,8.142137698679768
0.3,813,1,8.61270581629646
0.3,814,1,9.13015420771745
0.3,815,2,2.755926320917293
0.3,816,1,8.660913508761704
0.3,817,2,2.3356070370305
0.3,818,1,9.562011486829402
0.3,819,1,8.396414034571738
0.3,820,1,7.575914118678884
0.3,821,1,9.124111359370383
0.3,822,1,8.292937997065627
0.3,823,1,6.77458617673879
0.3,824,2,3.3803109803977933
0.3,825,1,7.9007865359621
0.3,826,1,7.483437165063586
0.3,827,1,7.395754203532303
0.3,828,1,8.030526654674516
0.3,829,2,3.8844138608125416
0.3,830,1,8.918105103874897
0.3,831,1,7.61646400898332
0.3,832,1,8.580639848479146
0.3,833,1,7.5290012542499
0.3,834,1,7.135381960913138
0.3,835,0,5.389284124145316
0.3,836,1,6.894179691522956
0.3,837,1,10.096332434494167
0.3,838,2,4.257471762183082
0.3,839,1,8.748092083333367
0.3,840,1,10.850794002526063
0.3,841,1,7.9844760671307835
0.3,842,1,8.91970971830286
0.3,843,1,9.200757243002052
0.3,844,1,6.662843162937573
0.3,845,0,4.229281304107153
0.3,846,2,3.1389407796083235
0.3,847,1,8.45008408740036
0.3,848,2,3.7909417316620395
0.3,849,1,8.561748673536284
0.3,850,2,3.0300354590587077
0.3,851,1,9.542461494856695
0.3,852,1,7.972760869278294
0.3,853,1,9.388790549746178
0.3,854,1,7.335086894272572
0.3,855,2,2.5484868931167677
0.3,856,1,9.086392091066127
0.3,857,1,7.617053314448066
0.3,858,1,7.207711219883132
0.3,859,0,5.2557887492475786
0.3,860,1,6.472568648130642
0.3,861,1,7.838295770078245
0.3,862,1,6.857064245923614
0.3,863,1,7.586343177804339
0.3,864,1,8.224770431395486
0.3,865,1,7.814691669453092
0.3,866,0,3.5123229234659794
0.3,867,1,8.323262276612997
0.3,868,1,7.1420931116949955
0.3,869,1,8.841182753278414
0.3,870,1,8.688505108166229
0.3,871,2,1.762879736186063
0.3,872,0,5.382257359265955
0.3,873,1,8.43883139696431
0.3,874,1,6.899198400303938
0.3,875,1,8.465741321774347
0.3,876,1,9.037086106635256
0.3,877,1,6.24562376328389
0.3,878,1,8.382427811960927
0.3,879,1,7.074590761629728
0.3,880,1,9.464090110711414
0.3,881,0,4.414617538626285
0.3,882,1,7.645368594725871
0.3,883,1,8.489297342007312
0.3,884,1,6.930442280616775
0.3,885,1,7.223447905648738
0.3,886,1,8.93470047546108
0.3,887,2,4.123735331807695
0.3,888,1,7.241508655318633
0.3,889,1,8.903793295486704
0.3,890,1,6.185527195036064
0.3,891,1,8.376459060155367
0.3,892,1,8.370480189854478
0.3,893,1,8.279428977386187
0.3,894,1,7.8809349053530156
0.3,895,1,6.18892099742825
0.3,896,1,7.76516555299578
0.3,897,1,7.2167314455139655
0.3,898,1,7.0608014699996176
0.3,899,1,7.619432216198458
0.3,900,1,10.096017124917243
0.3,901,2,2.430888619781292
0.3,902,1,7.164612086901486
0.3,903,2,1.3430444561704815
0.3,904,1,7.576937865291052
0.3,905,1,8.209985243442798
0.3,906,1,9.707401424359013
0.3,907,1,7.384299647713826
0.3,908,1,7.373990157250004
0.3,909,1,8.497840336792297
0.3,910,2,3.219625783863088
0.3,911,1,8.533864179688438
0.3,912,1,9.08163873623806
0.3,913,1,7.917563241877203
0.3,914,1,6.988643887174726
0.3,915,1,7.184422468464025
0.3,916,1,6.342939047888369
0.3,917,1,6.6586478251538805
0.3,918,1,6.9410093843548335
0.3,919,2,2.8189080618546245
0.3,920,1,8.422948465870004
0.3,921,1,8.48970138474152
0.3,922,1,8.549634076703994
0.3,923,2,2.8875823349871386
0.3,924,0,5.759714753335176
0.3,925,1,7.486163162254888
0.3,926,1,7.610698169738519
0.3,927,0,5.03908854179466
0.3,928,1,6.978158626053265
0.3,929,1,5.803843551470248
0.3,930,1,7.703502567755803
0.3,931,1,6.873294677812568
0.3,932,2,2.906890647069503
0.3,933,1,7.679169915762532
0.3,934,0,5.524753051647784
0.3,935,0,3.6708338354426733
0.3,936,1,6.774282763840955
0.3,937,1,8.174247821538081
0.3,938,1,8.366177334697102
0.3,939,1,6.430747716708172
0.3,940,1,7.47221573354263
0.3,941,1,7.719207731744084
0.3,942,1,7.7204288140789785
0.3,943,1,7.784132499839628
0.3,944,1,7.751155973171231
0.3,945,1,7.239810197890595
0.3,946,1,8.129355325278791
0.3,947,1,8.730447911449852
0.3,948,1,8.308557816036602
0.3,949,1,6.750867360544581
0.3,950,1,8.965268152728694
0.3,951,0,4.426476269557698
0.3,952,2,4.079198707475571
0.3,953,1,7.553278251342228
0.3,954,1,8.507508066349068
0.3,955,1,8.210618767249699
0.3,956,1,7.7375222115068825
0.3,957,0,4.797644691259109
0.3,958,1,9.314363006466733
0.3,959,1,7.508799659609088
0.3,960,1,8.37385882808979
0.3,961,1,8.339570901654353
0.3,962,1,9.647479000226006
0.3,963,1,7.174468826528799
0.3,964,1,7.327279909871652
0.3,965,1,6.550213551179944
0.3,966,2,2.5791378758850647
0.3,967,1,7.756688331536573
0.3,968,1,9.374322299472642
0.3,969,1,7.631138241136678
0.3,970,0,3.8807223684321563
0.3,971,2,2.560134090021745
0.3,972,1,7.734101198878752
0.3,973,2,1.7986021108257546
0.3,974,1,8.127928610643194
0.3,975,1,6.751422989877328
0.3,976,1,7.4688844988963
0.3,977,1,8.30815730724994
0.3,978,1,7.951613128472027
0.3,979,1,9.177851264365545
0.3,980,1,6.955767337338028
0.3,981,1,8.09313971183682
0.3,982,1,6.989379407286339
0.3,983,1,8.170756750809883
0.3,984,1,9.04386608568927
0.3,985,1,7.748222199024361
0.3,986,2,2.642108241212807
0.3,987,1,8.809558978678169
0.3,988,1,7.763200280178243
0.3,989,1,8.488609171625756
0.3,990,2,3.867115590822987
0.3,991,1,7.839692160566793
0.3,992,0,4.4115423323225595
0.3,993,1,8.051224299376466
0.3,994,1,6.990119940657831
0.3,995,1,9.831362157475928
0.3,996,1,5.171035295422694
0.3,997,1,9.527690778239519
0.3,998,1,8.990820338115217
0.3,999,1,6.98694010285548
