trial,action,reward,q0,q1,q2
0,0,5.672634932706657,0.5672634932706657,0.0,0.0
1,0,5.143203084852679,1.0248574524288672,0.0,0.0
2,0,5.336611768560978,1.4560328840420782,0.0,0.0
3,2,3.3422494496510353,1.4560328840420782,0.0,0.3342249449651036
4,0,4.155276007953504,1.7259571964332208,0.0,0.3342249449651036
5,0,5.113347605613887,2.0646962373512876,0.0,0.3342249449651036
6,0,6.155983133706494,2.4738249269868082,0.0,0.3342249449651036
7,0,3.6218717273192356,2.588629607020051,0.0,0.3342249449651036
8,0,6.200532715444916,2.9498199178625377,0.0,0.3342249449651036
9,0,3.9904390115991166,3.0538818272361956,0.0,0.3342249449651036
10,0,6.686455347876081,3.417139179300184,0.0,0.3342249449651036
11,0,5.644417996213523,3.6398670609915182,0.0,0.3342249449651036
12,0,4.591809799339441,3.7350613348263106,0.0,0.3342249449651036
13,0,4.923570789221598,3.853912280265839,0.0,0.3342249449651036
14,0,6.157225700378591,4.084243622277114,0.0,0.3342249449651036
15,0,6.491042220083294,4.3249234820577325,0.0,0.3342249449651036
16,0,5.109433907313061,4.403374524583265,0.0,0.3342249449651036
17,0,4.4251442840820125,4.40555150053314,0.0,0.3342249449651036
18,0,4.390508887385135,4.40404723921834,0.0,0.3342249449651036
19,0,5.181767968338017,4.481819312130307,0.0,0.3342249449651036
20,0,4.303090801182674,4.463946461035544,0.0,0.3342249449651036
21,0,6.8518432796784845,4.7027361428998375,0.0,0.3342249449651036
22,0,4.808491280149202,4.713311656624774,0.0,0.3342249449651036
23,1,7.465574103653251,4.713311656624774,0.7465574103653251,0.3342249449651036
24,0,3.2593064130935745,4.567911132271655,0.7465574103653251,0.3342249449651036
25,0,6.177588017060926,4.728878820750582,0.7465574103653251,0.3342249449651036
26,0,5.120763843252336,4.768067323000757,0.7465574103653251,0.3342249449651036
27,0,6.078410101269546,4.8991016008276365,0.7465574103653251,0.3342249449651036
28,0,6.2811518762327685,5.03730662836815,0.7465574103653251,0.3342249449651036
29,0,5.670989041006876,5.100674869632022,0.7465574103653251,0.3342249449651036
30,0,5.381303475908775,5.128737730259697,0.7465574103653251,0.3342249449651036
31,2,3.5684037170344345,5.128737730259697,0.7465574103653251,0.6576428221720367
32,0,5.604906514471939,5.176354608680922,0.7465574103653251,0.6576428221720367
33,0,6.50839055700493,5.309558203513323,0.7465574103653251,0.6576428221720367
34,0,5.609562257230069,5.339558608884997,0.7465574103653251,0.6576428221720367
35,0,3.7976920202128843,5.185371950017785,0.7465574103653251,0.6576428221720367
36,0,6.816893275986273,5.3485240826146345,0.7465574103653251,0.6576428221720367
37,0,4.144117453240886,5.22808341967726,0.7465574103653251,0.6576428221720367
38,0,6.43128715032824,5.348403792742358,0.7465574103653251,0.6576428221720367
39,0,3.474064519604976,5.16096986542862,0.7465574103653251,0.6576428221720367
40,2,3.3956357615011252,5.16096986542862,0.7465574103653251,0.9314421161049455
41,0,4.586184238272416,5.1034913027129996,0.7465574103653251,0.9314421161049455
42,0,5.601519683136759,5.153294140755375,0.7465574103653251,0.9314421161049455
43,0,6.274546122528976,5.265419338932736,0.7465574103653251,0.9314421161049455
44,0,4.2584443510297545,5.1647218401424375,0.7465574103653251,0.9314421161049455
45,0,8.059054147783822,5.454155070906576,0.7465574103653251,0.9314421161049455
46,0,3.0779962803917087,5.216539191855089,0.7465574103653251,0.9314421161049455
47,0,4.789929033166684,5.173878175986249,0.7465574103653251,0.9314421161049455
48,0,4.930892298730253,5.149579588260649,0.7465574103653251,0.9314421161049455
49,0,6.210299554244876,5.255651584859072,0.7465574103653251,0.9314421161049455
50,0,5.219673652217133,5.252053791594878,0.7465574103653251,0.9314421161049455
51,0,5.525338882416022,5.279382300676992,0.7465574103653251,0.9314421161049455
52,0,5.133227233242293,5.264766793933521,0.7465574103653251,0.9314421161049455
53,0,4.2487937065152686,5.1631694851916965,0.7465574103653251,0.9314421161049455
54,0,6.565482600673653,5.303400796739892,0.7465574103653251,0.9314421161049455
55,0,4.583272589159584,5.231387975981861,0.7465574103653251,0.9314421161049455
56,0,5.15116041449661,5.223365219833337,0.7465574103653251,0.9314421161049455
57,0,3.297503417089411,5.0307790395589445,0.7465574103653251,0.9314421161049455
58,0,5.969343837148865,5.124635519317937,0.7465574103653251,0.9314421161049455
59,0,4.996959522352145,5.111867919621358,0.7465574103653251,0.9314421161049455
60,1,8.57665403418928,5.111867919621358,1.5295670727477206,0.9314421161049455
61,0,6.105406789256664,5.211221806584889,1.5295670727477206,0.9314421161049455
62,0,5.892774541598676,5.279377080086268,1.5295670727477206,0.9314421161049455
63,0,4.713411361318371,5.222780508209478,1.5295670727477206,0.9314421161049455
64,0,4.417321005961875,5.142234557984718,1.5295670727477206,0.9314421161049455
65,0,6.097186999527881,5.237729802139034,1.5295670727477206,0.9314421161049455
66,0,6.157398236485676,5.329696645573699,1.5295670727477206,0.9314421161049455
67,0,4.9167364159637925,5.288400622612708,1.5295670727477206,0.9314421161049455
68,0,5.102815240365707,5.269842084388008,1.5295670727477206,0.9314421161049455
69,1,7.603083170941138,5.269842084388008,2.1369186825670625,0.9314421161049455
70,0,5.567955992837687,5.299653475232976,2.1369186825670625,0.9314421161049455
71,0,6.3205624087627506,5.401744368585954,2.1369186825670625,0.9314421161049455
72,0,5.872493113583857,5.448819243085744,2.1369186825670625,0.9314421161049455
73,0,7.127574069694372,5.616694725746607,2.1369186825670625,0.9314421161049455
74,0,5.57807744799494,5.61283299797144,2.1369186825670625,0.9314421161049455
75,0,4.277285056106182,5.479278203784914,2.1369186825670625,0.9314421161049455
76,0,4.002215800720909,5.331571963478513,2.1369186825670625,0.9314421161049455
77,0,4.814629907619079,5.27987775789257,2.1369186825670625,0.9314421161049455
78,0,4.793356507208828,5.231225632824196,2.1369186825670625,0.9314421161049455
79,0,5.619571914439323,5.270060260985709,2.1369186825670625,0.9314421161049455
80,0,4.275956466619315,5.170649881549069,2.1369186825670625,0.9314421161049455
81,0,5.652980844807345,5.218882977874897,2.1369186825670625,0.9314421161049455
82,0,7.032545653918391,5.400249245479246,2.1369186825670625,0.9314421161049455
83,0,5.704706334703363,5.430694954401658,2.1369186825670625,0.9314421161049455
84,0,4.328581492241252,5.320483608185618,2.1369186825670625,0.9314421161049455
85,2,3.3572398242024883,5.320483608185618,2.1369186825670625,1.1740218869146999
86,0,4.451310219475982,5.233566269314654,2.1369186825670625,1.1740218869146999
87,0,5.278410495967155,5.238050691979904,2.1369186825670625,1.1740218869146999
88,0,6.198787781413355,5.334124400923249,2.1369186825670625,1.1740218869146999
89,1,8.597374877641812,5.334124400923249,2.7829643020745376,1.1740218869146999
90,0,4.438682344269118,5.244580195257837,2.7829643020745376,1.1740218869146999
91,1,9.122406505556206,5.244580195257837,3.4169085224227045,1.1740218869146999
92,0,6.463132985708516,5.366435474302905,3.4169085224227045,1.1740218869146999
93,0,4.841316198155731,5.313923546688187,3.4169085224227045,1.1740218869146999
94,0,5.431109785013452,5.325642170520713,3.4169085224227045,1.1740218869146999
95,0,5.294694247793641,5.322547378248006,3.4169085224227045,1.1740218869146999
96,0,5.157422102873464,5.306034850710552,3.4169085224227045,1.1740218869146999
97,0,3.744778474443047,5.149909213083801,3.4169085224227045,1.1740218869146999
98,0,5.098923735993199,5.144810665374741,3.4169085224227045,1.1740218869146999
99,0,6.4498488496937965,5.275314483806646,3.4169085224227045,1.1740218869146999
100,0,5.646473505039587,5.31243038592994,3.4169085224227045,1.1740218869146999
101,0,4.6762469736634165,5.248812044703288,3.4169085224227045,1.1740218869146999
102,0,6.1346513782064,5.3373959780536,3.4169085224227045,1.1740218869146999
103,0,6.398091550444915,5.443465535292732,3.4169085224227045,1.1740218869146999
104,2,3.632088719970077,5.443465535292732,3.4169085224227045,1.4198285702202376
105,0,4.418874289455193,5.341006410708978,3.4169085224227045,1.4198285702202376
106,1,8.42380801769658,5.341006410708978,3.9175984719500923,1.4198285702202376
107,0,4.998660624719953,5.306771832110075,3.9175984719500923,1.4198285702202376
108,0,4.653188365372133,5.241413485436281,3.9175984719500923,1.4198285702202376
109,0,4.482885801279742,5.165560717020627,3.9175984719500923,1.4198285702202376
110,0,6.758986965643819,5.324903341882946,3.9175984719500923,1.4198285702202376
111,0,5.078315617169908,5.3002445694116425,3.9175984719500923,1.4198285702202376
112,0,5.210901906644966,5.291310303134975,3.9175984719500923,1.4198285702202376
113,0,4.513259212472742,5.213505194068752,3.9175984719500923,1.4198285702202376
114,0,3.4668404813975235,5.038838722801629,3.9175984719500923,1.4198285702202376
115,0,4.133759496664368,4.948330800187903,3.9175984719500923,1.4198285702202376
116,0,3.6491081071443032,4.818408530883543,3.9175984719500923,1.4198285702202376
117,0,4.668185366628813,4.803386214458071,3.9175984719500923,1.4198285702202376
118,0,4.779605945759022,4.801008187588166,3.9175984719500923,1.4198285702202376
119,0,5.06942997942527,4.827850366771877,3.9175984719500923,1.4198285702202376
120,0,3.273570695979907,4.67242239969268,3.9175984719500923,1.4198285702202376
121,1,8.158211858280394,4.67242239969268,4.341659810583122,1.4198285702202376
122,0,7.083051376660096,4.913485297389421,4.341659810583122,1.4198285702202376
123,0,5.700718339204278,4.992208601570907,4.341659810583122,1.4198285702202376
124,0,4.521144458450352,4.945102187258851,4.341659810583122,1.4198285702202376
125,0,3.8722036864017837,4.837812337173145,4.341659810583122,1.4198285702202376
126,0,3.1755995186759893,4.67159105532343,4.341659810583122,1.4198285702202376
127,0,5.182602827418442,4.722692232532931,4.341659810583122,1.4198285702202376
128,0,5.004823586186166,4.7509053678982545,4.341659810583122,1.4198285702202376
129,0,6.187063656722015,4.89452119678063,4.341659810583122,1.4198285702202376
130,0,6.326627772979295,5.037731854400497,4.341659810583122,1.4198285702202376
131,0,5.303815906604658,5.064340259620913,4.341659810583122,1.4198285702202376
132,0,4.244669608604715,4.982373194519293,4.341659810583122,1.4198285702202376
133,0,5.053593687203471,4.989495243787711,4.341659810583122,1.4198285702202376
134,0,6.402043864894658,5.1307501058984055,4.341659810583122,1.4198285702202376
135,0,5.283175196780941,5.145992614986659,4.341659810583122,1.4198285702202376
136,0,4.854953636362297,5.1168887171242226,4.341659810583122,1.4198285702202376
137,0,5.053570082339298,5.11055685364573,4.341659810583122,1.4198285702202376
138,0,5.807345758335929,5.18023574411475,4.341659810583122,1.4198285702202376
139,0,6.722774663921646,5.33448963609544,4.341659810583122,1.4198285702202376
140,0,5.650719773746771,5.366112649860573,4.341659810583122,1.4198285702202376
141,0,5.581870877582386,5.387688472632754,4.341659810583122,1.4198285702202376
142,0,4.84140316665049,5.333059942034527,4.341659810583122,1.4198285702202376
143,0,3.6665729104319906,5.166411238874273,4.341659810583122,1.4198285702202376
144,0,3.117972366944498,4.961567351681296,4.341659810583122,1.4198285702202376
145,1,8.984841258881161,4.961567351681296,4.805977955412926,1.4198285702202376
146,2,3.374540591702599,4.961567351681296,4.805977955412926,1.6152997723684737
147,0,5.055133582191219,4.970923974732289,4.805977955412926,1.6152997723684737
148,0,5.0723737241344615,4.981068949672506,4.805977955412926,1.6152997723684737
149,0,3.62765835502081,4.845727890207336,4.805977955412926,1.6152997723684737
150,0,4.384682934711449,4.799623394657748,4.805977955412926,1.6152997723684737
151,1,6.664795751147074,4.799623394657748,4.991859734986341,1.6152997723684737
152,1,7.9020193950211,4.799623394657748,5.282875700989817,1.6152997723684737
153,1,6.9826036726329495,4.799623394657748,5.452848498154131,1.6152997723684737
154,1,7.334520017558748,4.799623394657748,5.641015650094593,1.6152997723684737
155,1,8.000158714604147,4.799623394657748,5.876929956545548,1.6152997723684737
156,0,4.4806209900981475,4.7677231542017875,5.876929956545548,1.6152997723684737
157,1,4.2586140526023275,4.7677231542017875,5.715098366151226,1.6152997723684737
158,1,5.682192345073901,4.7677231542017875,5.711807764043494,1.6152997723684737
159,1,8.08919046771426,4.7677231542017875,5.94954603441057,1.6152997723684737
160,1,8.628343000601568,4.7677231542017875,6.21742573102967,1.6152997723684737
161,1,8.050613268631478,4.7677231542017875,6.4007444847898505,1.6152997723684737
162,1,8.341422241427576,4.7677231542017875,6.594812260453623,1.6152997723684737
163,1,10.01354292825855,4.7677231542017875,6.936685327234116,1.6152997723684737
164,1,9.573634341762741,4.7677231542017875,7.200380228686979,1.6152997723684737
165,1,7.020243218965613,4.7677231542017875,7.1823665277148425,1.6152997723684737
166,1,8.065162836948002,4.7677231542017875,7.270646158638159,1.6152997723684737
167,1,7.299777601312319,4.7677231542017875,7.273559302905575,1.6152997723684737
168,1,7.949425186594457,4.7677231542017875,7.341145891274463,1.6152997723684737
169,1,7.176805856112715,4.7677231542017875,7.324711887758288,1.6152997723684737
170,1,7.4270757123467295,4.7677231542017875,7.334948270217132,1.6152997723684737
171,1,8.036527117781056,4.7677231542017875,7.405106154973525,1.6152997723684737
172,1,7.684794862771912,4.7677231542017875,7.4330750257533635,1.6152997723684737
173,1,9.749384571469928,4.7677231542017875,7.66470598032502,1.6152997723684737
174,1,9.01099270980155,4.7677231542017875,7.799334653272673,1.6152997723684737
175,1,7.055449348888365,4.7677231542017875,7.724946122834242,1.6152997723684737
176,2,3.6995883917265497,4.7677231542017875,7.724946122834242,1.8237286343042813
177,1,7.43085305755767,4.7677231542017875,7.695536816306586,1.8237286343042813
178,1,7.936421627398197,4.7677231542017875,7.719625297415747,1.8237286343042813
179,2,2.3586249059748954,4.7677231542017875,7.719625297415747,1.8772182614713429
180,1,8.719209763865097,4.7677231542017875,7.819583744060682,1.8772182614713429
181,1,7.965247973629416,4.7677231542017875,7.8341501670175555,1.8772182614713429
182,1,7.612770159832543,4.7677231542017875,7.812012166299054,1.8772182614713429
183,2,3.814318216351971,4.7677231542017875,7.812012166299054,2.0709282569594056
184,1,8.005318180124966,4.7677231542017875,7.831342767681645,2.0709282569594056
185,0,4.3284046768221405,4.723791306463823,7.831342767681645,2.0709282569594056
186,1,6.7558173151724725,4.723791306463823,7.723790222430727,2.0709282569594056
187,1,9.98547670495933,4.723791306463823,7.949958870683588,2.0709282569594056
188,1,8.218513776985585,4.723791306463823,7.976814361313788,2.0709282569594056
189,1,7.8788973138527085,4.723791306463823,7.96702265656768,2.0709282569594056
190,0,4.381460078726971,4.689558183690138,7.96702265656768,2.0709282569594056
191,1,6.483554889846159,4.689558183690138,7.818675879895528,2.0709282569594056
192,1,8.376339289706232,4.689558183690138,7.874442220876598,2.0709282569594056
193,1,7.99288560486235,4.689558183690138,7.886286559275173,2.0709282569594056
194,1,7.606668519520892,4.689558183690138,7.858324755299745,2.0709282569594056
195,1,7.040178174237017,4.689558183690138,7.776510097193472,2.0709282569594056
196,1,8.919400512349677,4.689558183690138,7.8907991387090926,2.0709282569594056
197,1,8.207052755435468,4.689558183690138,7.92242450038173,2.0709282569594056
198,1,8.237110394081895,4.689558183690138,7.953893089751746,2.0709282569594056
199,1,8.13348970553969,4.689558183690138,7.971852751330541,2.0709282569594056
200,1,9.255004379252501,4.689558183690138,8.100167914122737,2.0709282569594056
201,1,8.956407973501948,4.689558183690138,8.185791920060659,2.0709282569594056
202,1,8.001915493153772,4.689558183690138,8.16740427736997,2.0709282569594056
203,1,8.986662290668509,4.689558183690138,8.249330078699824,2.0709282569594056
204,1,5.6364329680371625,4.689558183690138,7.988040367633558,2.0709282569594056
205,2,3.7410192871696,4.689558183690138,7.988040367633558,2.237937359980425
206,1,5.8428971432092025,4.689558183690138,7.773526045191122,2.237937359980425
207,1,7.501021511119464,4.689558183690138,7.746275591783957,2.237937359980425
208,1,8.444783065067037,4.689558183690138,7.816126339112265,2.237937359980425
209,1,8.160464317976139,4.689558183690138,7.850560136998652,2.237937359980425
210,1,8.969648232184527,4.689558183690138,7.96246894651724,2.237937359980425
211,1,8.492733771272661,4.689558183690138,8.015495428992782,2.237937359980425
212,1,7.668981702255356,4.689558183690138,7.9808440563190395,2.237937359980425
213,1,7.755181513469505,4.689558183690138,7.958277802034086,2.237937359980425
214,1,9.80078337361281,4.689558183690138,8.142528359191958,2.237937359980425
215,1,7.345006536229665,4.689558183690138,8.06277617689573,2.237937359980425
216,1,5.682883593569278,4.689558183690138,7.824786918563085,2.237937359980425
217,1,6.747547976938562,4.689558183690138,7.717063024400632,2.237937359980425
218,1,6.105500693405839,4.689558183690138,7.555906791301153,2.237937359980425
219,1,6.480958938042401,4.689558183690138,7.448412005975277,2.237937359980425
220,1,7.979653703399632,4.689558183690138,7.501536175717713,2.237937359980425
221,1,8.044924671646333,4.689558183690138,7.555875025310575,2.237937359980425
222,1,8.906079055381209,4.689558183690138,7.6908954283176385,2.237937359980425
223,1,7.548547476339969,4.689558183690138,7.676660633119871,2.237937359980425
224,1,7.7227061206915035,4.689558183690138,7.681265181877034,2.237937359980425
225,1,7.102385984689195,4.689558183690138,7.62337726215825,2.237937359980425
226,2,2.3986049678954786,4.689558183690138,7.62337726215825,2.2540041207719304
227,1,8.310206414068134,4.689558183690138,7.692060177349239,2.2540041207719304
228,1,8.259821447634568,4.689558183690138,7.748836304377772,2.2540041207719304
229,0,5.394316226229274,4.760033987944051,7.748836304377772,2.2540041207719304
230,1,9.108758752857865,4.760033987944051,7.884828549225781,2.2540041207719304
231,1,9.331340758205394,4.760033987944051,8.029479770123743,2.2540041207719304
232,1,8.512980393540586,4.760033987944051,8.077829832465428,2.2540041207719304
233,1,8.802482843832449,4.760033987944051,8.15029513360213,2.2540041207719304
234,1,7.2705987046244624,4.760033987944051,8.062325490704364,2.2540041207719304
235,1,7.789374370091521,4.760033987944051,8.035030378643079,2.2540041207719304
236,0,4.393793508065258,4.723409939956172,8.035030378643079,2.2540041207719304
237,2,4.623517141024628,4.723409939956172,8.035030378643079,2.4909554227972
238,1,8.277679676740627,4.723409939956172,8.059295308452834,2.4909554227972
239,1,8.528820791564959,4.723409939956172,8.106247856764046,2.4909554227972
240,1,7.5228635713110465,4.723409939956172,8.047909428218746,2.4909554227972
241,1,7.283698364207605,4.723409939956172,7.971488321817632,2.4909554227972
242,1,6.72381340656961,4.723409939956172,7.8467208302928295,2.4909554227972
243,1,7.112457136645788,4.723409939956172,7.773294460928126,2.4909554227972
244,1,9.27303040944421,4.723409939956172,7.923268055779734,2.4909554227972
245,1,8.60899952645883,4.723409939956172,7.9918412028476435,2.4909554227972
246,1,8.104179025333094,4.723409939956172,8.00307498509619,2.4909554227972
247,1,7.487072435587226,4.723409939956172,7.951474730145293,2.4909554227972
248,1,7.67694477966585,4.723409939956172,7.924021735097348,2.4909554227972
249,1,8.684169537141024,4.723409939956172,8.000036515301716,2.4909554227972
250,0,7.1561976105645755,4.9666887070170125,8.000036515301716,2.4909554227972
251,1,8.848150310760325,4.9666887070170125,8.084847894847577,2.4909554227972
252,1,6.743682072157107,4.9666887070170125,7.95073131257853,2.4909554227972
253,1,9.054728576490213,4.9666887070170125,8.061131038969698,2.4909554227972
254,1,7.036687408423176,4.9666887070170125,7.958686675915046,2.4909554227972
255,1,8.6153903427045,4.9666887070170125,8.02435704259399,2.4909554227972
256,1,8.358020361972779,4.9666887070170125,8.05772337453187,2.4909554227972
257,1,8.30546810917123,4.9666887070170125,8.082497847995805,2.4909554227972
258,1,7.040013741981248,4.9666887070170125,7.978249437394349,2.4909554227972
259,1,8.17754272464406,4.9666887070170125,7.99817876611932,2.4909554227972
260,1,6.674811024657035,4.9666887070170125,7.865841991973092,2.4909554227972
261,1,7.879786745710984,4.9666887070170125,7.867236467346881,2.4909554227972
262,1,6.633336459137381,4.9666887070170125,7.743846466525931,2.4909554227972
263,1,8.307016801326887,4.9666887070170125,7.800163500006027,2.4909554227972
264,1,7.824959802494209,4.9666887070170125,7.802643130254845,2.4909554227972
265,1,7.311307381180305,4.9666887070170125,7.7535095553473905,2.4909554227972
266,1,7.5575596881013745,4.9666887070170125,7.733914568622789,2.4909554227972
267,1,6.63316833155863,4.9666887070170125,7.623839944916373,2.4909554227972
268,1,7.245436759722134,4.9666887070170125,7.585999626396949,2.4909554227972
269,1,6.868820328961999,4.9666887070170125,7.514281696653454,2.4909554227972
270,1,9.226518549669223,4.9666887070170125,7.68550538195503,2.4909554227972
271,1,7.964804616876747,4.9666887070170125,7.713435305447202,2.4909554227972
272,1,7.830956521350618,4.9666887070170125,7.725187427037544,2.4909554227972
273,1,7.631333905778452,4.9666887070170125,7.715802074911635,2.4909554227972
274,1,7.7803902434461625,4.9666887070170125,7.722260891765088,2.4909554227972
275,1,7.376606861317034,4.9666887070170125,7.687695488720283,2.4909554227972
276,1,8.358042069117838,4.9666887070170125,7.754730146760038,2.4909554227972
277,1,7.248241874818465,4.9666887070170125,7.704081319565881,2.4909554227972
278,1,8.164080108570843,4.9666887070170125,7.750081198466377,2.4909554227972
279,1,9.758105362618242,4.9666887070170125,7.950883614881564,2.4909554227972
280,1,6.122825829060906,4.9666887070170125,7.768077836299498,2.4909554227972
281,1,7.614342912921457,4.9666887070170125,7.752704343961694,2.4909554227972
282,1,7.124299328077134,4.9666887070170125,7.689863842373239,2.4909554227972
283,1,7.375967689364879,4.9666887070170125,7.658474227072403,2.4909554227972
284,1,7.43351483779169,4.9666887070170125,7.635978288144331,2.4909554227972
285,1,7.773176402422277,4.9666887070170125,7.6496980995721255,2.4909554227972
286,1,8.73730669659778,4.9666887070170125,7.758458959274691,2.4909554227972
287,1,9.574231768542564,4.9666887070170125,7.940036240201478,2.4909554227972
288,1,7.0561431925598,4.9666887070170125,7.85164693543731,2.4909554227972
289,1,9.329533644642634,4.9666887070170125,7.999435606357843,2.4909554227972
290,1,7.03560419574934,4.9666887070170125,7.903052465296993,2.4909554227972
291,1,8.821770423296385,4.9666887070170125,7.994924261096932,2.4909554227972
292,2,3.471115690257036,4.9666887070170125,7.994924261096932,2.5889714495431835
293,1,8.058216169461756,4.9666887070170125,8.001253451933414,2.5889714495431835
294,1,8.34948897401749,4.9666887070170125,8.036077004141822,2.5889714495431835
295,1,7.837538320040803,4.9666887070170125,8.01622313573172,2.5889714495431835
296,1,8.673491291524455,4.9666887070170125,8.081949951310992,2.5889714495431835
297,1,7.691592386439883,4.9666887070170125,8.042914194823881,2.5889714495431835
298,1,8.251255414417065,4.9666887070170125,8.0637483167832,2.5889714495431835
299,1,8.850548137932128,4.9666887070170125,8.142428298898093,2.5889714495431835
300,1,7.536680039635474,4.9666887070170125,8.081853472971831,2.5889714495431835
301,1,8.353907176450448,4.9666887070170125,8.109058843319692,2.5889714495431835
302,1,5.91259052104448,4.9666887070170125,7.889412011092171,2.5889714495431835
303,1,6.333820884204024,4.9666887070170125,7.733852898403356,2.5889714495431835
304,1,7.061684320516213,4.9666887070170125,7.666636040614642,2.5889714495431835
305,1,8.504354727161747,4.9666887070170125,7.750407909269352,2.5889714495431835
306,1,7.314252123512073,4.9666887070170125,7.706792330693625,2.5889714495431835
307,1,8.410320463123064,4.9666887070170125,7.777145143936568,2.5889714495431835
308,1,7.499392346272423,4.9666887070170125,7.749369864170154,2.5889714495431835
309,1,9.037508900685506,4.9666887070170125,7.878183767821689,2.5889714495431835
310,1,7.024032308525915,4.9666887070170125,7.792768621892112,2.5889714495431835
311,1,9.950561242974057,4.9666887070170125,8.008547884000306,2.5889714495431835
312,0,5.82941992078325,5.052961828393636,8.008547884000306,2.5889714495431835
313,1,6.9598676126663825,5.052961828393636,7.903679856866914,2.5889714495431835
314,1,7.71655846235476,5.052961828393636,7.884967717415698,2.5889714495431835
315,1,6.5234184510347655,5.052961828393636,7.748812790777604,2.5889714495431835
316,1,7.880100283999644,5.052961828393636,7.761941540099809,2.5889714495431835
317,1,7.041786114399798,5.052961828393636,7.689925997529808,2.5889714495431835
318,1,9.878121432371927,5.052961828393636,7.90874554101402,2.5889714495431835
319,1,8.349611367081195,5.052961828393636,7.9528321236207375,2.5889714495431835
320,1,9.35805208233374,5.052961828393636,8.093354119492037,2.5889714495431835
321,1,7.845197692948312,5.052961828393636,8.068538476837665,2.5889714495431835
322,1,7.248497498933813,5.052961828393636,7.98653437904728,2.5889714495431835
323,1,7.726966030788339,5.052961828393636,7.960577544221385,2.5889714495431835
324,1,7.555518108921666,5.052961828393636,7.920071600691413,2.5889714495431835
325,1,9.363359709212844,5.052961828393636,8.064400411543556,2.5889714495431835
326,1,6.427981987391082,5.052961828393636,7.900758569128309,2.5889714495431835
327,1,6.573802825307468,5.052961828393636,7.7680629947462245,2.5889714495431835
328,1,7.034821647014656,5.052961828393636,7.694738859973068,2.5889714495431835
329,1,7.527073828304936,5.052961828393636,7.677972356806254,2.5889714495431835
330,1,9.788497352467717,5.052961828393636,7.889024856372401,2.5889714495431835
331,1,9.563804652592724,5.052961828393636,8.056502835994433,2.5889714495431835
332,1,8.62244171891635,5.052961828393636,8.113096724286624,2.5889714495431835
333,1,7.782085668051239,5.052961828393636,8.079995618663085,2.5889714495431835
334,1,7.358164084746794,5.052961828393636,8.007812465271456,2.5889714495431835
335,1,7.141346972925947,5.052961828393636,7.921165916036905,2.5889714495431835
336,1,8.229857522379042,5.052961828393636,7.952035076671119,2.5889714495431835
337,1,7.865619903987633,5.052961828393636,7.94339355940277,2.5889714495431835
338,1,6.514724107691643,5.052961828393636,7.800526614231657,2.5889714495431835
339,1,8.288152566102221,5.052961828393636,7.849289209418713,2.5889714495431835
340,1,6.879374648981737,5.052961828393636,7.752297753375015,2.5889714495431835
341,1,7.882833207376661,5.052961828393636,7.76535129877518,2.5889714495431835
342,1,7.1816080302792376,5.052961828393636,7.706976971925585,2.5889714495431835
343,1,10.264137633929767,5.052961828393636,7.9626930381260035,2.5889714495431835
344,1,8.716014534799482,5.052961828393636,8.038025187793352,2.5889714495431835
345,1,9.213359061863963,5.052961828393636,8.155558575200413,2.5889714495431835
346,1,9.105292775576984,5.052961828393636,8.25053199523807,2.5889714495431835
347,1,9.744458322412816,5.052961828393636,8.399924627955546,2.5889714495431835
348,1,8.967957701475509,5.052961828393636,8.456727935307542,2.5889714495431835
349,1,6.429468875070912,5.052961828393636,8.25400202928388,2.5889714495431835
350,1,8.95843987506257,5.052961828393636,8.324445813861749,2.5889714495431835
351,1,9.726410801434287,5.052961828393636,8.464642312619002,2.5889714495431835
352,1,8.703356517176616,5.052961828393636,8.488513733074763,2.5889714495431835
353,1,8.564954386396442,5.052961828393636,8.49615779840693,2.5889714495431835
354,1,7.518271506153877,5.052961828393636,8.398369169181624,2.5889714495431835
355,1,8.520447184712555,5.052961828393636,8.410576970734716,2.5889714495431835
356,1,7.447726427998786,5.052961828393636,8.314291916461123,2.5889714495431835
357,1,8.43552385639919,5.052961828393636,8.32641511045493,2.5889714495431835
358,1,6.557077896214373,5.052961828393636,8.149481389030875,2.5889714495431835
359,1,9.836267202747004,5.052961828393636,8.318159970402487,2.5889714495431835
360,1,6.529977040377251,5.052961828393636,8.139341677399964,2.5889714495431835
361,1,5.572305851918799,5.052961828393636,7.882638094851847,2.5889714495431835
362,1,8.100174578335471,5.052961828393636,7.904391743200209,2.5889714495431835
363,1,8.591587456960639,5.052961828393636,7.973111314576252,2.5889714495431835
364,1,6.3255946042050795,5.052961828393636,7.808359643539135,2.5889714495431835
365,1,8.998144142504353,5.052961828393636,7.927338093435657,2.5889714495431835
366,0,3.652395723641148,4.912905217918388,7.927338093435657,2.5889714495431835
367,1,8.570056805843173,4.912905217918388,7.9916099646764085,2.5889714495431835
368,1,6.9768629800256985,4.912905217918388,7.890135266211337,2.5889714495431835
369,1,8.468498649579672,4.912905217918388,7.9479716045481705,2.5889714495431835
370,1,7.555988644212052,4.912905217918388,7.908773308514559,2.5889714495431835
371,1,6.042251268446427,4.912905217918388,7.722121104507746,2.5889714495431835
372,1,8.30933562580361,4.912905217918388,7.7808425566373325,2.5889714495431835
373,1,8.53620716858593,4.912905217918388,7.856379017832192,2.5889714495431835
374,1,6.784244702123873,4.912905217918388,7.74916558626136,2.5889714495431835
375,1,8.925528875172303,4.912905217918388,7.866801915152454,2.5889714495431835
376,1,6.97081128739795,4.912905217918388,7.777202852377004,2.5889714495431835
377,1,6.896919663605185,4.912905217918388,7.689174533499822,2.5889714495431835
378,1,7.9082428470270845,4.912905217918388,7.711081364852548,2.5889714495431835
379,1,6.483571099286447,4.912905217918388,7.588330338295938,2.5889714495431835
380,1,7.170772314618005,4.912905217918388,7.546574535928144,2.5889714495431835
381,0,4.923776564107729,4.9139923525373215,7.546574535928144,2.5889714495431835
382,1,8.570223454694633,4.9139923525373215,7.648939427804793,2.5889714495431835
383,1,6.8249921215733025,4.9139923525373215,7.5665446971816435,2.5889714495431835
384,1,9.536268469591755,4.9139923525373215,7.763517074422655,2.5889714495431835
385,1,6.667445668759528,4.9139923525373215,7.653909933856342,2.5889714495431835
386,1,6.688862161334556,4.9139923525373215,7.557405156604164,2.5889714495431835
387,1,9.349759625919756,4.9139923525373215,7.736640603535723,2.5889714495431835
388,1,8.084875030583717,4.9139923525373215,7.7714640462405224,2.5889714495431835
389,1,9.679127826642155,4.9139923525373215,7.962230424280686,2.5889714495431835
390,1,7.8283072783125105,4.9139923525373215,7.9488381096838685,2.5889714495431835
391,1,9.339812439241996,4.9139923525373215,8.08793554263968,2.5889714495431835
392,0,6.496678288140258,5.072260946097615,8.08793554263968,2.5889714495431835
393,1,6.29692657650309,5.072260946097615,7.908834646026022,2.5889714495431835
394,0,4.976417652830174,5.062676616770871,7.908834646026022,2.5889714495431835
395,1,9.154731804290323,5.062676616770871,8.033424361852452,2.5889714495431835
396,1,7.939158049652961,5.062676616770871,8.023997730632503,2.5889714495431835
397,1,7.248591318412204,5.062676616770871,7.946457089410473,2.5889714495431835
398,1,6.029322228481664,5.062676616770871,7.754743603317593,2.5889714495431835
399,1,8.238400511204034,5.062676616770871,7.803109294106237,2.5889714495431835
400,1,9.06359766185941,5.062676616770871,7.929158130881555,2.5889714495431835
401,1,8.238989779802127,5.062676616770871,7.960141295773612,2.5889714495431835
402,1,8.314372166611221,5.062676616770871,7.995564382857373,2.5889714495431835
403,2,1.6897219804087866,5.062676616770871,7.995564382857373,2.499046502629744
404,1,7.926918502617482,5.062676616770871,7.988699794833384,2.499046502629744
405,1,8.143244183116087,5.062676616770871,8.004154233661655,2.499046502629744
406,1,5.987694511439662,5.062676616770871,7.802508261439455,2.499046502629744
407,1,8.618140162572896,5.062676616770871,7.884071451552799,2.499046502629744
408,1,7.856090928087271,5.062676616770871,7.881273399206246,2.499046502629744
409,1,7.235975608407038,5.062676616770871,7.816743620126325,2.499046502629744
410,1,7.430485795344481,5.062676616770871,7.778117837648141,2.499046502629744
411,0,3.9062554911740968,4.947034504211194,7.778117837648141,2.499046502629744
412,1,7.677178872087158,4.947034504211194,7.768023941092043,2.499046502629744
413,1,8.86769587766701,4.947034504211194,7.877991134749539,2.499046502629744
414,1,8.827730124132914,4.947034504211194,7.972965033687877,2.499046502629744
415,1,8.260958193012035,4.947034504211194,8.001764349620293,2.499046502629744
416,1,7.497258734992004,4.947034504211194,7.9513137881574645,2.499046502629744
417,1,7.1801114475110195,4.947034504211194,7.87419355409282,2.499046502629744
418,1,7.596943712724362,4.947034504211194,7.846468569955974,2.499046502629744
419,1,8.935704472334873,4.947034504211194,7.955392160193863,2.499046502629744
420,1,8.989330386907067,4.947034504211194,8.058785982865183,2.499046502629744
421,1,7.264025109679546,4.947034504211194,7.97930989554662,2.499046502629744
422,1,6.595583645471413,4.947034504211194,7.840937270539099,2.499046502629744
423,1,8.60302811761313,4.947034504211194,7.917146355246502,2.499046502629744
424,1,7.290085002033086,4.947034504211194,7.854440219925161,2.499046502629744
425,1,8.458314542389077,4.947034504211194,7.914827652171553,2.499046502629744
426,1,6.705872114834435,4.947034504211194,7.793932098437841,2.499046502629744
427,1,9.699269293195501,4.947034504211194,7.984465817913607,2.499046502629744
428,1,9.296466102499032,4.947034504211194,8.11566584637215,2.499046502629744
429,1,7.46568517143051,4.947034504211194,8.050667778877985,2.499046502629744
430,1,6.815435768957274,4.947034504211194,7.9271445778859135,2.499046502629744
431,1,7.749700425250221,4.947034504211194,7.909400162622344,2.499046502629744
432,2,3.9010635426961873,4.947034504211194,7.909400162622344,2.6392482066363883
433,1,6.550271779543403,4.947034504211194,7.773487324314449,2.6392482066363883
434,2,3.562837029666183,4.947034504211194,7.773487324314449,2.7316070889393678
435,1,9.275759679830152,4.947034504211194,7.92371455986602,2.7316070889393678
436,1,8.070040967363155,4.947034504211194,7.938347200615733,2.7316070889393678
437,1,6.164759343259544,4.947034504211194,7.7609884148801145,2.7316070889393678
438,2,3.2975113621483763,4.947034504211194,7.7609884148801145,2.7881975162602686
439,1,10.109703591011288,4.947034504211194,7.995859932493232,2.7881975162602686
440,1,6.738086428102833,4.947034504211194,7.870082582054192,2.7881975162602686
441,1,6.829120240214737,4.947034504211194,7.765986347870247,2.7881975162602686
442,1,7.897507248946926,4.947034504211194,7.779138437977915,2.7881975162602686
443,1,7.001801415571222,4.947034504211194,7.7014047357372455,2.7881975162602686
444,1,7.435467800847616,4.947034504211194,7.674811042248282,2.7881975162602686
445,1,7.64655434359878,4.947034504211194,7.6719853723833324,2.7881975162602686
446,1,5.985144345815632,4.947034504211194,7.503301269726562,2.7881975162602686
447,1,9.879581671734606,4.947034504211194,7.740929309927367,2.7881975162602686
448,1,7.790969139671655,4.947034504211194,7.745933292901796,2.7881975162602686
449,0,6.5460687809307085,5.106937931883145,7.745933292901796,2.7881975162602686
450,1,7.142494265882228,5.106937931883145,7.685589390199839,2.7881975162602686
451,1,8.376569578514648,5.106937931883145,7.75468740903132,2.7881975162602686
452,1,9.387172372099634,5.106937931883145,7.917935905338151,2.7881975162602686
453,1,8.356016777386705,5.106937931883145,7.961743992543006,2.7881975162602686
454,1,9.348537175580699,5.106937931883145,8.100423310846775,2.7881975162602686
455,1,9.454191691503626,5.106937931883145,8.23580014891246,2.7881975162602686
456,1,8.926130141633504,5.106937931883145,8.304833148184565,2.7881975162602686
457,1,6.591609900651496,5.106937931883145,8.133510823431259,2.7881975162602686
458,1,8.66771437197338,5.106937931883145,8.186931178285471,2.7881975162602686
459,1,8.785272584889565,5.106937931883145,8.246765318945881,2.7881975162602686
460,1,7.705391385905973,5.106937931883145,8.19262792564189,2.7881975162602686
461,1,8.796165903936453,5.106937931883145,8.252981723471347,2.7881975162602686
462,1,7.570786273823847,5.106937931883145,8.184762178506597,2.7881975162602686
463,1,7.698447214863685,5.106937931883145,8.136130682142307,2.7881975162602686
464,1,9.655795529463242,5.106937931883145,8.288097166874401,2.7881975162602686
465,1,8.502959831163908,5.106937931883145,8.309583433303352,2.7881975162602686
466,1,7.393388746784113,5.106937931883145,8.217963964651428,2.7881975162602686
467,1,9.714395919384911,5.106937931883145,8.367607160124777,2.7881975162602686
468,1,8.106154557675433,5.106937931883145,8.341461899879842,2.7881975162602686
469,1,6.82650549096123,5.106937931883145,8.189966258987981,2.7881975162602686
470,1,7.654033622218644,5.106937931883145,8.136372995311048,2.7881975162602686
471,1,7.936233742366903,5.106937931883145,8.116359070016633,2.7881975162602686
472,1,8.891802100844814,5.106937931883145,8.193903373099452,2.7881975162602686
473,1,7.0877507009573675,5.106937931883145,8.083288105885243,2.7881975162602686
474,1,5.864895499731709,5.106937931883145,7.86144884526989,2.7881975162602686
475,1,8.316139714039776,5.106937931883145,7.906917932146879,2.7881975162602686
476,1,8.13009266303519,5.106937931883145,7.92923540523571,2.7881975162602686
477,1,8.886305705588752,5.106937931883145,8.024942435271015,2.7881975162602686
478,1,7.382035901144192,5.106937931883145,7.960651781858333,2.7881975162602686
479,1,7.827117990799005,5.106937931883145,7.9472984027524,2.7881975162602686
480,1,8.60037382981617,5.106937931883145,8.012605945458777,2.7881975162602686
481,1,7.796157678703054,5.106937931883145,7.990961118783204,2.7881975162602686
482,1,7.497815563903084,5.106937931883145,7.941646563295192,2.7881975162602686
483,1,8.214257382587638,5.106937931883145,7.968907645224437,2.7881975162602686
484,1,8.145472723591046,5.106937931883145,7.9865641530610985,2.7881975162602686
485,1,8.585010590073669,5.106937931883145,8.046408796762355,2.7881975162602686
486,1,9.16692077676509,5.106937931883145,8.158459994762628,2.7881975162602686
487,1,7.310117583240629,5.106937931883145,8.073625753610429,2.7881975162602686
488,1,8.21758646691296,5.106937931883145,8.088021824940682,2.7881975162602686
489,1,8.126450743469412,5.106937931883145,8.091864716793555,2.7881975162602686
490,1,8.041877385530743,5.106937931883145,8.086865983667273,2.7881975162602686
491,1,7.092065148465924,5.106937931883145,7.987385900147139,2.7881975162602686
492,1,8.184844610495555,5.106937931883145,8.00713177118198,2.7881975162602686
493,1,7.51142883127158,5.106937931883145,7.95756147719094,2.7881975162602686
494,1,6.606117301880982,5.106937931883145,7.822417059659944,2.7881975162602686
495,1,7.179275501054428,5.106937931883145,7.758102903799393,2.7881975162602686
496,1,7.29784209977037,5.106937931883145,7.71207682339649,2.7881975162602686
497,1,9.255458499155942,5.106937931883145,7.8664149909724355,2.7881975162602686
498,0,5.2679806650826615,5.123042205203097,7.8664149909724355,2.7881975162602686
499,1,7.851067914637131,5.123042205203097,7.864880283338905,2.7881975162602686
500,1,5.783152431345924,5.123042205203097,7.656707498139607,2.7881975162602686
501,1,7.2702528372162885,5.123042205203097,7.618062032047275,2.7881975162602686
502,1,9.32671075871989,5.123042205203097,7.788926904714537,2.7881975162602686
503,1,8.372311451575321,5.123042205203097,7.847265359400615,2.7881975162602686
504,1,6.855809086207292,5.123042205203097,7.748119732081283,2.7881975162602686
505,0,4.577225956748091,5.068460580357597,7.748119732081283,2.7881975162602686
506,1,8.615856420768147,5.068460580357597,7.834893400949969,2.7881975162602686
507,1,6.793321137320457,5.068460580357597,7.730736174587018,2.7881975162602686
508,1,7.089603089682859,5.068460580357597,7.666622866096602,2.7881975162602686
509,1,9.479452585179043,5.068460580357597,7.847905838004846,2.7881975162602686
510,1,7.646456541392365,5.068460580357597,7.827760908343598,2.7881975162602686
511,1,9.2927080336721,5.068460580357597,7.974255620876448,2.7881975162602686
512,1,8.092289393885064,5.068460580357597,7.98605899817731,2.7881975162602686
513,1,7.039569394078994,5.068460580357597,7.891410037767478,2.7881975162602686
514,1,9.87190309338405,5.068460580357597,8.089459343329136,2.7881975162602686
515,1,9.210057361702454,5.068460580357597,8.201519145166467,2.7881975162602686
516,1,8.653803050473806,5.068460580357597,8.246747535697201,2.7881975162602686
517,2,3.8482331926713123,5.068460580357597,8.246747535697201,2.8942010839013728
518,2,3.8429894913444747,5.068460580357597,8.246747535697201,2.989079924645683
519,0,4.516016514229129,5.01321617374475,8.246747535697201,2.989079924645683
520,1,8.62492370150476,5.01321617374475,8.284565152277958,2.989079924645683
521,1,8.538160675284312,5.01321617374475,8.309924704578593,2.989079924645683
522,1,6.444771450616824,5.01321617374475,8.123409379182416,2.989079924645683
523,1,8.723728955971826,5.01321617374475,8.183441336861357,2.989079924645683
524,2,3.5727214629994677,5.01321617374475,8.183441336861357,3.0474440784810612
525,2,3.2619397530060392,5.01321617374475,8.183441336861357,3.068893645933559
526,1,10.95780043295285,5.01321617374475,8.460877246470506,3.068893645933559
527,1,8.037487928742838,5.01321617374475,8.41853831469774,3.068893645933559
528,1,8.118178473923813,5.01321617374475,8.388502330620348,3.068893645933559
529,1,7.727227052000991,5.01321617374475,8.322374802758413,3.068893645933559
530,1,7.8572479880890285,5.01321617374475,8.275862121291475,3.068893645933559
531,1,7.907149181863942,5.01321617374475,8.238990827348722,3.068893645933559
532,1,7.5858441642404735,5.01321617374475,8.173676161037898,3.068893645933559
533,1,8.009743145688173,5.01321617374475,8.157282859502926,3.068893645933559
534,1,7.4474049290060185,5.01321617374475,8.086295066453236,3.068893645933559
535,1,6.97249318516565,5.01321617374475,7.974914878324477,3.068893645933559
536,1,8.28184481364913,5.01321617374475,8.005607871856942,3.068893645933559
537,1,8.396711146656891,5.01321617374475,8.044718199336936,3.068893645933559
538,1,7.95971580955502,5.01321617374475,8.036217960358744,3.068893645933559
539,1,7.889873560591415,5.01321617374475,8.021583520382011,3.068893645933559
540,0,5.365642031954361,5.048458759565711,8.021583520382011,3.068893645933559
541,1,9.411157408881014,5.048458759565711,8.160540909231912,3.068893645933559
542,0,6.070640575520176,5.150676941161158,8.160540909231912,3.068893645933559
543,1,7.039375825485246,5.150676941161158,8.048424400857245,3.068893645933559
544,1,7.002102499579155,5.150676941161158,7.943792210729436,3.068893645933559
545,1,6.990047977773889,5.150676941161158,7.848417787433881,3.068893645933559
546,1,9.88177674839485,5.150676941161158,8.051753683529977,3.068893645933559
547,1,8.5526501501954,5.150676941161158,8.10184333019652,3.068893645933559
548,1,6.753987398152944,5.150676941161158,7.967057736992162,3.068893645933559
549,1,9.10920613978191,5.150676941161158,8.081272577271136,3.068893645933559
550,1,8.033516335133386,5.150676941161158,8.076496953057362,3.068893645933559
551,1,7.5174336639452966,5.150676941161158,8.020590624146156,3.068893645933559
552,1,9.151651347384899,5.150676941161158,8.13369669647003,3.068893645933559
553,1,7.134181365449604,5.150676941161158,8.033745163367987,3.068893645933559
554,1,8.67835512656449,5.150676941161158,8.098206159687638,3.068893645933559
555,1,7.389318937615723,5.150676941161158,8.027317437480447,3.068893645933559
556,1,7.267410990474048,5.150676941161158,7.951326792779807,3.068893645933559
557,0,4.808517903798691,5.116461037424911,7.951326792779807,3.068893645933559
558,1,7.181348017061096,5.116461037424911,7.874328915207936,3.068893645933559
559,1,6.677319645850057,5.116461037424911,7.754627988272149,3.068893645933559
560,1,8.269597540358578,5.116461037424911,7.806124943480792,3.068893645933559
561,1,8.394730371229015,5.116461037424911,7.864985486255614,3.068893645933559
562,1,8.387234163224852,5.116461037424911,7.917210353952538,3.068893645933559
563,1,9.359749447897649,5.116461037424911,8.06146426334705,3.068893645933559
564,1,7.024033652587917,5.116461037424911,7.957721202271137,3.068893645933559
565,1,6.684132352445977,5.116461037424911,7.830362317288621,3.068893645933559
566,1,8.879336744457175,5.116461037424911,7.935259760005477,3.068893645933559
567,1,7.629540234885387,5.116461037424911,7.904687807493468,3.068893645933559
568,2,4.535912253838746,5.116461037424911,7.904687807493468,3.215595506724078
569,1,9.633582895999742,5.116461037424911,8.077577316344096,3.215595506724078
570,1,8.558544341002388,5.116461037424911,8.125674018809924,3.215595506724078
571,1,8.311369636580263,5.116461037424911,8.144243580586958,3.215595506724078
572,1,8.855242637919629,5.116461037424911,8.215343486320224,3.215595506724078
573,1,7.628038320395131,5.116461037424911,8.156612969727714,3.215595506724078
574,0,3.6622627383836486,4.971041207520785,8.156612969727714,3.215595506724078
575,1,7.997630782012962,4.971041207520785,8.140714750956239,3.215595506724078
576,1,7.0640690696707855,4.971041207520785,8.033050182827694,3.215595506724078
577,1,6.82014352763127,4.971041207520785,7.9117595173080515,3.215595506724078
578,1,7.744676964948929,4.971041207520785,7.89505126207214,3.215595506724078
579,1,7.531262971956562,4.971041207520785,7.8586724330605815,3.215595506724078
580,0,7.196621618047012,5.193599248573408,7.8586724330605815,3.215595506724078
581,1,7.884260267862907,5.193599248573408,7.861231216540814,3.215595506724078
582,1,8.267624427748284,5.193599248573408,7.901870537661561,3.215595506724078
583,1,7.1024615326235905,5.193599248573408,7.821929637157764,3.215595506724078
584,1,8.51478624020229,5.193599248573408,7.8912152974622165,3.215595506724078
585,1,9.067220289033953,5.193599248573408,8.00881579661939,3.215595506724078
586,1,8.313264889193501,5.193599248573408,8.039260705876801,3.215595506724078
587,1,8.501780493346295,5.193599248573408,8.085512684623751,3.215595506724078
588,1,7.9076857741926565,5.193599248573408,8.067729993580642,3.215595506724078
589,1,8.566368482732372,5.193599248573408,8.117593842495815,3.215595506724078
590,1,7.366099788290613,5.193599248573408,8.042444437075295,3.215595506724078
591,1,7.867249380816007,5.193599248573408,8.024924931449366,3.215595506724078
592,1,7.620314733482466,5.193599248573408,7.984463911652676,3.215595506724078
593,1,9.382078167649246,5.193599248573408,8.124225337252334,3.215595506724078
594,1,8.559017616721565,5.193599248573408,8.167704565199257,3.215595506724078
595,1,8.233394600460988,5.193599248573408,8.17427356872543,3.215595506724078
596,1,8.327419301353487,5.193599248573408,8.189588141988237,3.215595506724078
597,1,4.742071983412401,5.193599248573408,7.844836526130654,3.215595506724078
598,1,8.08120148371736,5.193599248573408,7.868473021889324,3.215595506724078
599,1,7.959422456156514,5.193599248573408,7.877567965316043,3.215595506724078
600,1,6.418631135419213,5.193599248573408,7.7316742823263604,3.215595506724078
601,1,8.175851379473807,5.193599248573408,7.776091992041105,3.215595506724078
602,0,5.669789299386777,5.241218253654745,7.776091992041105,3.215595506724078
603,1,9.230802664987959,5.241218253654745,7.92156305933579,3.215595506724078
604,1,8.839098692017465,5.241218253654745,8.013316622603957,3.215595506724078
605,2,3.207264126591732,5.241218253654745,8.013316622603957,3.214762368710843
606,1,7.839717137109985,5.241218253654745,7.99595667405456,3.214762368710843
607,1,6.353508435738596,5.241218253654745,7.8317118502229635,3.214762368710843
608,1,8.32686829473898,5.241218253654745,7.881227494674565,3.214762368710843
609,1,8.764146978160099,5.241218253654745,7.969519443023119,3.214762368710843
610,1,9.114632336107059,5.241218253654745,8.084030732331513,3.214762368710843
611,1,11.714165667950919,5.241218253654745,8.447044225893453,3.214762368710843
612,1,8.97085505738728,5.241218253654745,8.499425309042836,3.214762368710843
613,1,7.617120946489368,5.241218253654745,8.411194872787489,3.214762368710843
614,1,8.989397815432298,5.241218253654745,8.46901516705197,3.214762368710843
615,1,7.282468362694133,5.241218253654745,8.350360486616186,3.214762368710843
616,1,8.047662074290207,5.241218253654745,8.320090645383587,3.214762368710843
617,1,6.249841685247461,5.241218253654745,8.113065749369975,3.214762368710843
618,1,7.815061256692576,5.241218253654745,8.083265300102235,3.214762368710843
619,1,8.528725630484708,5.241218253654745,8.127811333140482,3.214762368710843
620,1,9.176126946572142,5.241218253654745,8.232642894483648,3.214762368710843
621,1,4.945621281646677,5.241218253654745,7.903940733199951,3.214762368710843
622,0,4.288989247400909,5.145995353029361,7.903940733199951,3.214762368710843
623,1,8.88232394906028,5.145995353029361,8.001779054785985,3.214762368710843
624,1,8.844162302406083,5.145995353029361,8.086017379547995,3.214762368710843
625,1,9.440426697170462,5.145995353029361,8.221458311310242,3.214762368710843
626,1,6.646415014424056,5.145995353029361,8.063953981621623,3.214762368710843
627,1,7.045186956197459,5.145995353029361,7.962077279079207,3.214762368710843
628,1,6.781360188537851,5.145995353029361,7.844005570025071,3.214762368710843
629,1,7.67076211367131,5.145995353029361,7.826681224389695,3.214762368710843
630,1,8.947657897337814,5.145995353029361,7.938778891684507,3.214762368710843
631,1,8.336071243052672,5.145995353029361,7.978508126821323,3.214762368710843
632,1,8.141259851317379,5.145995353029361,7.994783299270929,3.214762368710843
633,1,5.8304930727585536,5.145995353029361,7.778354276619691,3.214762368710843
634,1,8.691623902093049,5.145995353029361,7.8696812391670266,3.214762368710843
635,1,8.526844003577732,5.145995353029361,7.935397515608097,3.214762368710843
636,1,8.733050813483274,5.145995353029361,8.015162845395615,3.214762368710843
637,1,9.839865368509166,5.145995353029361,8.19763309770697,3.214762368710843
638,1,6.969264918355867,5.145995353029361,8.07479627977186,3.214762368710843
639,1,8.119254624132932,5.145995353029361,8.079242114207966,3.214762368710843
640,1,6.58352800840754,5.145995353029361,7.929670703627924,3.214762368710843
641,1,7.844223365677036,5.145995353029361,7.9211259698328345,3.214762368710843
642,1,8.086580801511717,5.145995353029361,7.937671453000723,3.214762368710843
643,1,7.840647807026109,5.145995353029361,7.927969088403262,3.214762368710843
644,1,8.862866753311469,5.145995353029361,8.021458854894082,3.214762368710843
645,1,5.854332878424058,5.145995353029361,7.804746257247079,3.214762368710843
646,1,7.5007729818419575,5.145995353029361,7.7743489297065675,3.214762368710843
647,1,8.100260958653164,5.145995353029361,7.806940132601227,3.214762368710843
648,0,4.210656358321138,5.052461453558539,7.806940132601227,3.214762368710843
649,1,7.590412624260998,5.052461453558539,7.785287381767204,3.214762368710843
650,1,9.133335057015028,5.052461453558539,7.920092149291986,3.214762368710843
651,1,8.436136062387797,5.052461453558539,7.971696540601568,3.214762368710843
652,1,6.834080737335096,5.052461453558539,7.85793496027492,3.214762368710843
653,1,7.836626473556615,5.052461453558539,7.8558041116030894,3.214762368710843
654,1,9.287829920205688,5.052461453558539,7.999006692463349,3.214762368710843
655,1,7.000719618335041,5.052461453558539,7.899177985050518,3.214762368710843
656,1,6.854519957213593,5.052461453558539,7.794712182266826,3.214762368710843
657,1,7.20128497872339,5.052461453558539,7.735369461912483,3.214762368710843
658,1,9.001513175780874,5.052461453558539,7.8619838332993215,3.214762368710843
659,1,7.8436882767248965,5.052461453558539,7.860154277641879,3.214762368710843
660,1,6.800489050939977,5.052461453558539,7.754187754971689,3.214762368710843
661,1,7.2344630765325855,5.052461453558539,7.702215287127778,3.214762368710843
662,1,7.270167611060513,5.052461453558539,7.659010519521051,3.214762368710843
663,1,8.258924589057289,5.052461453558539,7.719001926474675,3.214762368710843
664,1,8.008950541406547,5.052461453558539,7.747996787967862,3.214762368710843
665,1,7.751949602575924,5.052461453558539,7.748392069428668,3.214762368710843
666,1,7.053550192150517,5.052461453558539,7.678907881700853,3.214762368710843
667,1,7.47017422566391,5.052461453558539,7.658034516097159,3.214762368710843
668,1,8.542641594204328,5.052461453558539,7.746495223907876,3.214762368710843
669,0,5.486493471104346,5.09586465531312,7.746495223907876,3.214762368710843
670,1,7.3228176084305225,5.09586465531312,7.70412746236014,3.214762368710843
671,1,8.949828509498925,5.09586465531312,7.828697567074019,3.214762368710843
672,1,6.458413013076148,5.09586465531312,7.691669111674232,3.214762368710843
673,1,9.604507816088255,5.09586465531312,7.882952982115634,3.214762368710843
674,1,8.506629976480633,5.09586465531312,7.945320681552134,3.214762368710843
675,1,7.174754990212556,5.09586465531312,7.868264112418176,3.214762368710843
676,1,10.106568445787042,5.09586465531312,8.092094545755062,3.214762368710843
677,1,7.97943835644098,5.09586465531312,8.080828926823653,3.214762368710843
678,0,5.9545919914226415,5.181737388924072,8.080828926823653,3.214762368710843
679,2,0.7544644151252249,5.181737388924072,8.080828926823653,2.9687325733522814
680,1,7.354924679228001,5.181737388924072,8.008238502064088,2.9687325733522814
681,1,7.665794223513371,5.181737388924072,7.973994074209017,2.9687325733522814
682,1,8.71116987379501,5.181737388924072,8.047711654167616,2.9687325733522814
683,2,2.551277014491137,5.181737388924072,8.047711654167616,2.9269870174661667
684,1,7.450521951566423,5.181737388924072,7.987992683907496,2.9269870174661667
685,1,8.021368696262137,5.181737388924072,7.99133028514296,2.9269870174661667
686,1,7.61077062020854,5.181737388924072,7.953274318649519,2.9269870174661667
687,1,6.873766442494652,5.181737388924072,7.845323531034032,2.9269870174661667
688,1,8.840845373051401,5.181737388924072,7.944875715235769,2.9269870174661667
689,1,7.1851609494809985,5.181737388924072,7.868904238660292,2.9269870174661667
690,1,7.410845461272678,5.181737388924072,7.823098360921531,2.9269870174661667
691,1,7.670941263587912,5.181737388924072,7.807882651188169,2.9269870174661667
692,1,9.509104071003332,5.181737388924072,7.978004793169686,2.9269870174661667
693,1,7.6630233498971565,5.181737388924072,7.9465066488424325,2.9269870174661667
694,1,7.899547531913714,5.181737388924072,7.94181073714956,2.9269870174661667
695,1,8.467278670053995,5.181737388924072,7.994357530440004,2.9269870174661667
696,1,7.5807143032072775,5.181737388924072,7.952993207716731,2.9269870174661667
697,1,6.692257298309302,5.181737388924072,7.826919616775989,2.9269870174661667
698,1,6.677859400093977,5.181737388924072,7.712013595107788,2.9269870174661667
699,1,8.000405958581622,5.181737388924072,7.740852831455171,2.9269870174661667
700,1,8.497864455012051,5.181737388924072,7.816553993810858,2.9269870174661667
701,1,7.427814186751316,5.181737388924072,7.777680013104904,2.9269870174661667
702,1,6.544552563789603,5.181737388924072,7.654367268173374,2.9269870174661667
703,1,6.637262640724118,5.181737388924072,7.552656805428448,2.9269870174661667
704,1,10.031818516348759,5.181737388924072,7.800572976520479,2.9269870174661667
705,1,8.975743164336947,5.181737388924072,7.918089995302126,2.9269870174661667
706,1,8.325913655985335,5.181737388924072,7.958872361370447,2.9269870174661667
707,1,8.250818408244324,5.181737388924072,7.9880669660578345,2.9269870174661667
708,1,8.632529660072475,5.181737388924072,8.052513235459298,2.9269870174661667
709,1,9.138505857897755,5.181737388924072,8.161112497703144,2.9269870174661667
710,0,3.9517990157823504,5.0587435516099,8.161112497703144,2.9269870174661667
711,1,7.406797405633707,5.0587435516099,8.0856809884962,2.9269870174661667
712,1,7.873088801530643,5.0587435516099,8.064421769799644,2.9269870174661667
713,1,8.444984309481253,5.0587435516099,8.102478023767805,2.9269870174661667
714,1,9.206050450149377,5.0587435516099,8.212835266405962,2.9269870174661667
715,1,7.348939017509848,5.0587435516099,8.126445641516352,2.9269870174661667
716,1,8.73838053424435,5.0587435516099,8.187639130789151,2.9269870174661667
717,1,8.190344832921083,5.0587435516099,8.187909701002344,2.9269870174661667
718,1,5.963857869591168,5.0587435516099,7.965504517861226,2.9269870174661667
719,1,9.348986828329409,5.0587435516099,8.103852748908045,2.9269870174661667
720,1,10.200075096839765,5.0587435516099,8.313474983701216,2.9269870174661667
721,1,8.82196247621888,5.0587435516099,8.364323732952982,2.9269870174661667
722,1,5.880208572634497,5.0587435516099,8.115912216921133,2.9269870174661667
723,1,7.767049249530562,5.0587435516099,8.081025920182077,2.9269870174661667
724,1,5.750376385795976,5.0587435516099,7.847960966743466,2.9269870174661667
725,1,8.07776548663258,5.0587435516099,7.870941418732378,2.9269870174661667
726,1,8.860275147213931,5.0587435516099,7.9698747915805335,2.9269870174661667
727,1,7.751790662728937,5.0587435516099,7.948066378695374,2.9269870174661667
728,1,8.134608444765188,5.0587435516099,7.966720585302355,2.9269870174661667
729,1,8.683864630886688,5.0587435516099,8.038434989860788,2.9269870174661667
730,1,8.127656763522104,5.0587435516099,8.04735716722692,2.9269870174661667
731,1,9.410160914908102,5.0587435516099,8.183637541995038,2.9269870174661667
732,1,6.887624854001617,5.0587435516099,8.054036273195695,2.9269870174661667
733,1,9.724469836334595,5.0587435516099,8.221079629509585,2.9269870174661667
734,0,5.143449289989599,5.06721412544787,8.221079629509585,2.9269870174661667
735,1,9.572583617965817,5.06721412544787,8.356230028355208,2.9269870174661667
736,1,8.411033808436056,5.06721412544787,8.361710406363294,2.9269870174661667
737,1,8.900084253068462,5.06721412544787,8.415547791033811,2.9269870174661667
738,1,7.493864966445117,5.06721412544787,8.323379508574941,2.9269870174661667
739,1,8.781796008279901,5.06721412544787,8.369221158545438,2.9269870174661667
740,0,4.52326855622779,5.012819568525861,8.369221158545438,2.9269870174661667
741,1,8.996047019312972,5.012819568525861,8.431903744622192,2.9269870174661667
742,1,7.128682121592441,5.012819568525861,8.301581582319217,2.9269870174661667
743,1,7.577582122914599,5.012819568525861,8.229181636378755,2.9269870174661667
744,1,7.5749169826117155,5.012819568525861,8.16375517100205,2.9269870174661667
745,1,8.132499550138562,5.012819568525861,8.160629608915702,2.9269870174661667
746,2,1.9005108051116422,5.012819568525861,8.160629608915702,2.824339396230714
747,1,8.484042970519878,5.012819568525861,8.19297094507612,2.824339396230714
748,1,9.557911229758922,5.012819568525861,8.3294649735444,2.824339396230714
749,1,8.666706107989455,5.012819568525861,8.363189086988905,2.824339396230714
750,1,9.941167999176882,5.012819568525861,8.520986978207702,2.824339396230714
751,1,9.043200273512811,5.012819568525861,8.573208307738213,2.824339396230714
752,1,6.935125344520205,5.012819568525861,8.409400011416412,2.824339396230714
753,1,6.82715381933981,5.012819568525861,8.251175392208753,2.824339396230714
754,1,6.998301090462328,5.012819568525861,8.12588796203411,2.824339396230714
755,1,8.166511680170748,5.012819568525861,8.129950333847773,2.824339396230714
756,1,8.66504599567103,5.012819568525861,8.1834599000301,2.824339396230714
757,1,8.452067371210287,5.012819568525861,8.210320647148118,2.824339396230714
758,1,5.933641708549558,5.012819568525861,7.982652753288262,2.824339396230714
759,1,8.132943483163425,5.012819568525861,7.9976818262757785,2.824339396230714
760,1,9.756653012849894,5.012819568525861,8.17357894493319,2.824339396230714
761,1,7.140407350817757,5.012819568525861,8.070261785521646,2.824339396230714
762,1,7.644890664673889,5.012819568525861,8.02772467343687,2.824339396230714
763,1,6.4869774764233465,5.012819568525861,7.873649953735518,2.824339396230714
764,1,9.198478665803274,5.012819568525861,8.006132824942293,2.824339396230714
765,1,8.367186306375473,5.012819568525861,8.042238173085611,2.824339396230714
766,1,8.541552857508332,5.012819568525861,8.092169641527883,2.824339396230714
767,1,5.764542933121422,5.012819568525861,7.859406970687237,2.824339396230714
768,1,8.297791913441436,5.012819568525861,7.903245464962657,2.824339396230714
769,1,8.06226682815609,5.012819568525861,7.919147601282,2.824339396230714
770,1,7.601894352791595,5.012819568525861,7.887422276432959,2.824339396230714
771,2,1.1874845603129933,5.012819568525861,7.887422276432959,2.660653912638942
772,1,8.085709011544687,5.012819568525861,7.907250949944132,2.660653912638942
773,1,7.7605125353646445,5.012819568525861,7.892577108486183,2.660653912638942
774,1,8.358657286759517,5.012819568525861,7.939185126313516,2.660653912638942
775,1,8.697071977248047,5.012819568525861,8.01497381140697,2.660653912638942
776,1,7.497358308834306,5.012819568525861,7.963212261149703,2.660653912638942
777,1,7.180109587919346,5.012819568525861,7.884901993826667,2.660653912638942
778,1,8.711269906652689,5.012819568525861,7.967538785109269,2.660653912638942
779,1,8.759320039578773,5.012819568525861,8.04671691055622,2.660653912638942
780,1,9.548862160726735,5.012819568525861,8.196931435573273,2.660653912638942
781,1,8.24182705397747,5.012819568525861,8.201420997413692,2.660653912638942
782,1,7.9117505419845005,5.012819568525861,8.172453951870773,2.660653912638942
783,2,0.9038438346978968,5.012819568525861,8.172453951870773,2.4849729048448377
784,1,9.848728274696281,5.012819568525861,8.340081384153324,2.4849729048448377
785,1,7.772077469184208,5.012819568525861,8.283280992656412,2.4849729048448377
786,1,7.838806649138883,5.012819568525861,8.238833558304659,2.4849729048448377
787,1,7.477249388224834,5.012819568525861,8.162675141296676,2.4849729048448377
788,1,7.167813543139609,5.012819568525861,8.06318898148097,2.4849729048448377
789,1,7.796743192149732,5.012819568525861,8.036544402547847,2.4849729048448377
790,1,9.097091568732704,5.012819568525861,8.142599119166332,2.4849729048448377
791,2,4.080577313436376,5.012819568525861,8.142599119166332,2.6445333457039917
792,1,7.797944728890166,5.012819568525861,8.108133680138716,2.6445333457039917
793,1,7.127781603329359,5.012819568525861,8.01009847245778,2.6445333457039917
794,1,8.619088594186955,5.012819568525861,8.070997484630698,2.6445333457039917
795,1,7.691752414954526,5.012819568525861,8.033072977663082,2.6445333457039917
796,1,8.008547716193512,5.012819568525861,8.030620451516125,2.6445333457039917
797,1,7.782815850994825,5.012819568525861,8.005839991463995,2.6445333457039917
798,1,6.939737840094467,5.012819568525861,7.899229776327043,2.6445333457039917
799,1,8.991314303133581,5.012819568525861,8.008438229007696,2.6445333457039917
800,1,7.639467199351756,5.012819568525861,7.971541126042102,2.6445333457039917
801,1,8.59079278895733,5.012819568525861,8.033466292333625,2.6445333457039917
802,0,5.137902496985381,5.025327861371814,8.033466292333625,2.6445333457039917
803,1,9.088015598543661,5.025327861371814,8.138921222954629,2.6445333457039917
804,1,8.457753737644984,5.025327861371814,8.170804474423665,2.6445333457039917
805,1,8.678944251655563,5.025327861371814,8.221618452146854,2.6445333457039917
806,1,6.860996147761432,5.025327861371814,8.085556221708313,2.6445333457039917
807,1,7.93107191073712,5.025327861371814,8.070107790611193,2.6445333457039917
808,0,4.805055287914435,5.003300604026076,8.070107790611193,2.6445333457039917
809,1,6.810950388558302,5.003300604026076,7.944192050405904,2.6445333457039917
810,1,7.905810681336244,5.003300604026076,7.940353913498938,2.6445333457039917
811,1,8.437546607648521,5.003300604026076,7.990073182913896,2.6445333457039917
812,1,7.4874333531561845,5.003300604026076,7.939809199938125,2.6445333457039917
813,1,9.555998359327244,5.003300604026076,8.101428115877036,2.6445333457039917
814,1,7.620901746693638,5.003300604026076,8.053375478958696,2.6445333457039917
815,1,8.869263334268256,5.003300604026076,8.134964264489652,2.6445333457039917
816,1,6.608368691457912,5.003300604026076,7.982304707186477,2.6445333457039917
817,1,8.719940533267167,5.003300604026076,8.056068289794545,2.6445333457039917
818,1,6.942547516249754,5.003300604026076,7.944716212440066,2.6445333457039917
819,1,8.411979944643928,5.003300604026076,7.991442585660453,2.6445333457039917
820,1,8.579140136380284,5.003300604026076,8.050212340732436,2.6445333457039917
821,1,6.627718117744632,5.003300604026076,7.907962918433656,2.6445333457039917
822,1,7.179158292555874,5.003300604026076,7.835082455845877,2.6445333457039917
823,1,6.7963857416583355,5.003300604026076,7.7312127844271235,2.6445333457039917
824,2,2.6953390575931118,5.003300604026076,7.7312127844271235,2.649613916892904
825,1,7.615143135640417,5.003300604026076,7.719605819548453,2.649613916892904
826,1,8.041312123342246,5.003300604026076,7.751776449927832,2.649613916892904
827,1,7.398512577236158,5.003300604026076,7.716450062658665,2.649613916892904
828,1,8.765260209900632,5.003300604026076,7.821331077382862,2.649613916892904
829,1,9.225956779670451,5.003300604026076,7.9617936476116205,2.649613916892904
830,1,8.49500094297026,5.003300604026076,8.015114377147484,2.649613916892904
831,1,6.628581989484093,5.003300604026076,7.876461138381145,2.649613916892904
832,1,6.970590608310334,5.003300604026076,7.785874085374064,2.649613916892904
833,2,5.363641319016242,5.003300604026076,7.785874085374064,2.9210166571052376
834,1,8.812698077701913,5.003300604026076,7.888556484606849,2.9210166571052376
835,1,9.124738879096203,5.003300604026076,8.012174724055784,2.9210166571052376
836,2,3.244249529832554,5.003300604026076,8.012174724055784,2.9533399443779693
837,1,9.60785960299189,5.003300604026076,8.171743211949394,2.9533399443779693
838,1,8.71719426216487,5.003300604026076,8.226288316970942,2.9533399443779693
839,1,6.359218502944252,5.003300604026076,8.039581335568274,2.9533399443779693
840,1,7.436156547240349,5.003300604026076,7.979238856735481,2.9533399443779693
841,1,7.484302483519603,5.003300604026076,7.929745219413894,2.9533399443779693
842,1,8.055423521600456,5.003300604026076,7.94231304963255,2.9533399443779693
843,1,5.498006070047174,5.003300604026076,7.6978823516740125,2.9533399443779693
844,1,8.694067530893593,5.003300604026076,7.797500869595971,2.9533399443779693
845,1,5.979602589163655,5.003300604026076,7.615711041552739,2.9533399443779693
846,1,8.35122935116365,5.003300604026076,7.68926287251383,2.9533399443779693
847,1,8.331502519684266,5.003300604026076,7.753486837230874,2.9533399443779693
848,1,8.175575121678142,5.003300604026076,7.7956956656756,2.9533399443779693
849,1,8.237016467350252,5.003300604026076,7.839827745843065,2.9533399443779693
850,1,7.870739353088225,5.003300604026076,7.842918906567581,2.9533399443779693
851,1,6.287671300982066,5.003300604026076,7.68739414600903,2.9533399443779693
852,1,8.434114622986145,5.003300604026076,7.762066193706741,2.9533399443779693
853,1,7.753837464773813,5.003300604026076,7.761243320813448,2.9533399443779693
854,1,7.399122530189168,5.003300604026076,7.7250312417510205,2.9533399443779693
855,1,7.612683643791497,5.003300604026076,7.713796481955068,2.9533399443779693
856,1,8.81532501199536,5.003300604026076,7.823949334959098,2.9533399443779693
857,1,7.443513081416009,5.003300604026076,7.785905709604789,2.9533399443779693
858,1,6.997108068931185,5.003300604026076,7.707025945537429,2.9533399443779693
859,1,8.323990281442178,5.003300604026076,7.768722379127904,2.9533399443779693
860,1,8.319187064393146,5.003300604026076,7.823768847654428,2.9533399443779693
861,2,4.624901379738748,5.003300604026076,7.823768847654428,3.1204960879140473
862,0,4.253191097520241,4.928289653375492,7.823768847654428,3.1204960879140473
863,1,8.864234248328549,4.928289653375492,7.92781538772184,3.1204960879140473
864,1,6.529215010789284,4.928289653375492,7.787955350028585,3.1204960879140473
865,1,9.086412283367272,4.928289653375492,7.917801043362454,3.1204960879140473
866,1,7.739929198246442,4.928289653375492,7.900013858850853,3.1204960879140473
867,1,8.117193880178535,4.928289653375492,7.921731860983622,3.1204960879140473
868,1,6.431436110572541,4.928289653375492,7.772702285942514,3.1204960879140473
869,1,6.482299063075331,4.928289653375492,7.643661963655796,3.1204960879140473
870,1,7.691026471127876,4.928289653375492,7.648398414403004,3.1204960879140473
871,1,8.39099993766051,4.928289653375492,7.722658566728755,3.1204960879140473
872,1,7.644422192930798,4.928289653375492,7.714834929348959,3.1204960879140473
873,1,6.834400452192979,4.928289653375492,7.6267914816333615,3.1204960879140473
874,1,8.068509525853056,4.928289653375492,7.670963286055331,3.1204960879140473
875,1,6.991241113733922,4.928289653375492,7.60299106882319,3.1204960879140473
876,2,4.707770512927273,4.928289653375492,7.60299106882319,3.27922353041537
877,1,7.445442513035516,4.928289653375492,7.587236213244423,3.27922353041537
878,1,8.300531517824583,4.928289653375492,7.658565743702439,3.27922353041537
879,1,6.657595171112558,4.928289653375492,7.558468686443451,3.27922353041537
880,2,1.474464924233356,4.928289653375492,7.558468686443451,3.0987476697971683
881,1,8.855388435600043,4.928289653375492,7.6881606613591105,3.0987476697971683
882,1,8.201624550767255,4.928289653375492,7.739507050299925,3.0987476697971683
883,2,4.0299000259598925,4.928289653375492,7.739507050299925,3.1918629054134406
884,1,8.47664721442312,4.928289653375492,7.813221066712244,3.1918629054134406
885,1,7.121752830937755,4.928289653375492,7.744074243134795,3.1918629054134406
886,1,6.330245543752103,4.928289653375492,7.602691373196526,3.1918629054134406
887,0,5.219023555843961,4.957363043622339,7.602691373196526,3.1918629054134406
888,0,4.643849995794888,4.926011738839594,7.602691373196526,3.1918629054134406
889,1,8.59021427740315,4.926011738839594,7.701443663617189,3.1918629054134406
890,1,6.552113788230089,4.926011738839594,7.586510676078479,3.1918629054134406
891,1,7.948536181162556,4.926011738839594,7.622713226586887,3.1918629054134406
892,0,3.7828712265639366,4.811697687612028,7.622713226586887,3.1918629054134406
893,1,9.8693785350024,4.811697687612028,7.847379757428438,3.1918629054134406
894,1,9.375555444675275,4.811697687612028,8.000197326153122,3.1918629054134406
895,1,6.35361384691418,4.811697687612028,7.835538978229228,3.1918629054134406
896,1,8.774180465276867,4.811697687612028,7.929403126933992,3.1918629054134406
897,1,8.434967974390172,4.811697687612028,7.97995961167961,3.1918629054134406
898,1,7.177188685122778,4.811697687612028,7.899682519023927,3.1918629054134406
899,1,8.431149215451674,4.811697687612028,7.952829188666702,3.1918629054134406
900,1,9.250156428509857,4.811697687612028,8.082561912651018,3.1918629054134406
901,1,6.939783282954946,4.811697687612028,7.968284049681411,3.1918629054134406
902,1,8.677750498349347,4.811697687612028,8.039230694548204,3.1918629054134406
903,1,8.355059394250995,4.811697687612028,8.070813564518483,3.1918629054134406
904,1,7.182005233384652,4.811697687612028,7.9819327314051,3.1918629054134406
905,1,6.816798878102746,4.811697687612028,7.865419346074864,3.1918629054134406
906,1,7.513039743411248,4.811697687612028,7.830181385808502,3.1918629054134406
907,1,8.679595890133895,4.811697687612028,7.915122836241041,3.1918629054134406
908,1,6.251433753461121,4.811697687612028,7.748753927963049,3.1918629054134406
909,1,7.351034261840701,4.811697687612028,7.708981961350815,3.1918629054134406
910,1,8.281859995475688,4.811697687612028,7.766269764763302,3.1918629054134406
911,1,8.520320209356752,4.811697687612028,7.841674809222647,3.1918629054134406
912,1,7.592097446778775,4.811697687612028,7.8167170729782605,3.1918629054134406
913,1,7.569663459595319,4.811697687612028,7.792011711639966,3.1918629054134406
914,1,8.172374543965589,4.811697687612028,7.830047994872528,3.1918629054134406
915,1,8.663949743821334,4.811697687612028,7.913438169767408,3.1918629054134406
916,1,7.635473203230196,4.811697687612028,7.885641673113687,3.1918629054134406
917,1,6.926621727491986,4.811697687612028,7.789739678551517,3.1918629054134406
918,1,7.475183790840731,4.811697687612028,7.758284089780439,3.1918629054134406
919,1,5.756567517923173,4.811697687612028,7.558112432594712,3.1918629054134406
920,1,6.207816175215369,4.811697687612028,7.423082806856778,3.1918629054134406
921,1,8.258531349175929,4.811697687612028,7.506627661088693,3.1918629054134406
922,1,7.549707710219665,4.811697687612028,7.5109356660017905,3.1918629054134406
923,1,7.646189178487088,4.811697687612028,7.52446101725032,3.1918629054134406
924,1,9.683845234104277,4.811697687612028,7.740399438935715,3.1918629054134406
925,1,6.697407663543144,4.811697687612028,7.636100261396458,3.1918629054134406
926,1,9.12786397781249,4.811697687612028,7.785276633038062,3.1918629054134406
927,1,8.210035686605181,4.811697687612028,7.8277525383947735,3.1918629054134406
928,1,10.024496473200378,4.811697687612028,8.047426931875334,3.1918629054134406
929,1,9.293389913566878,4.811697687612028,8.172023230044488,3.1918629054134406
930,1,6.977716469768565,4.811697687612028,8.052592554016895,3.1918629054134406
931,1,6.6984432606880775,4.811697687612028,7.9171776246840135,3.1918629054134406
932,1,9.033124097647093,4.811697687612028,8.028772271980321,3.1918629054134406
933,1,8.887441654638591,4.811697687612028,8.114639210246148,3.1918629054134406
934,1,6.945780735788984,4.811697687612028,7.997753362800432,3.1918629054134406
935,1,7.543974431413128,4.811697687612028,7.9523754696617015,3.1918629054134406
936,1,6.80097811250295,4.811697687612028,7.8372357339458265,3.1918629054134406
937,1,7.962035580963066,4.811697687612028,7.84971571864755,3.1918629054134406
938,1,7.532438922893618,4.811697687612028,7.817988039072157,3.1918629054134406
939,1,6.788516848058993,4.811697687612028,7.71504091997084,3.1918629054134406
940,1,8.648229872032639,4.811697687612028,7.80835981517702,3.1918629054134406
941,2,4.22746802654547,4.811697687612028,7.80835981517702,3.2954234175266435
942,2,2.048765364645817,4.811697687612028,7.80835981517702,3.170757612238561
943,1,7.255680046040814,4.811697687612028,7.7530918382633995,3.170757612238561
944,1,10.665280225998547,4.811697687612028,8.044310677036915,3.170757612238561
945,1,7.286661993691022,4.811697687612028,7.968545808702325,3.170757612238561
946,1,8.129056884483497,4.811697687612028,7.984596916280442,3.170757612238561
947,1,6.9643519841911745,4.811697687612028,7.882572423071515,3.170757612238561
948,1,9.364586081028037,4.811697687612028,8.030773788867167,3.170757612238561
949,1,8.178279903714136,4.811697687612028,8.045524400351864,3.170757612238561
950,1,7.1341295637417605,4.811697687612028,7.954384916690854,3.170757612238561
951,1,7.8922102671867815,4.811697687612028,7.948167451740447,3.170757612238561
952,1,7.967006508838335,4.811697687612028,7.950051357450235,3.170757612238561
953,1,8.019276835135637,4.811697687612028,7.956973905218775,3.170757612238561
954,1,8.49114394132439,4.811697687612028,8.010390908829336,3.170757612238561
955,1,7.817823560421659,4.811697687612028,7.991134173988568,3.170757612238561
956,1,9.012485031865218,4.811697687612028,8.093269259776234,3.170757612238561
957,1,8.514464580765807,4.811697687612028,8.13538879187519,3.170757612238561
958,0,3.8141734843035433,4.7119452672811795,8.13538879187519,3.170757612238561
959,1,8.096952396937777,4.7119452672811795,8.131545152381449,3.170757612238561
960,1,7.966672552665712,4.7119452672811795,8.115057892409876,3.170757612238561
961,1,7.497992693779379,4.7119452672811795,8.053351372546826,3.170757612238561
962,1,7.23216023803278,4.7119452672811795,7.971232259095422,3.170757612238561
963,1,7.2171563217272,4.7119452672811795,7.8958246653585995,3.170757612238561
964,1,7.52023710238159,4.7119452672811795,7.858265909060899,3.170757612238561
965,1,7.822773640213169,4.7119452672811795,7.854716682176126,3.170757612238561
966,1,7.674246489822805,4.7119452672811795,7.836669662940794,3.170757612238561
967,1,8.49797522338796,4.7119452672811795,7.902800218985511,3.170757612238561
968,1,7.693497068281778,4.7119452672811795,7.881869903915137,3.170757612238561
969,1,8.599663592939287,4.7119452672811795,7.953649272817552,3.170757612238561
970,1,8.453141242077221,4.7119452672811795,8.003598469743519,3.170757612238561
971,1,8.95383193397317,4.7119452672811795,8.098621816166483,3.170757612238561
972,1,9.15042146237271,4.7119452672811795,8.203801780787106,3.170757612238561
973,1,6.423973929119487,4.7119452672811795,8.025818995620345,3.170757612238561
974,1,8.005110792234417,4.7119452672811795,8.023748175281751,3.170757612238561
975,1,8.017813485717156,4.7119452672811795,8.023154706325291,3.170757612238561
976,1,8.087485709827575,4.7119452672811795,8.02958780667552,3.170757612238561
977,1,7.85877450913713,4.7119452672811795,8.012506476921681,3.170757612238561
978,1,4.784090835822968,4.7119452672811795,7.68966491281181,3.170757612238561
979,1,9.07565558369236,4.7119452672811795,7.828263979899865,3.170757612238561
980,1,7.522711795085477,4.7119452672811795,7.797708761418426,3.170757612238561
981,1,8.094810928643268,4.7119452672811795,7.82741897814091,3.170757612238561
982,1,10.1477843156736,4.7119452672811795,8.059455511894178,3.170757612238561
983,1,8.220537023593915,4.7119452672811795,8.075563663064152,3.170757612238561
984,1,7.854923775452067,4.7119452672811795,8.053499674302943,3.170757612238561
985,1,9.299815543774537,4.7119452672811795,8.178131261250103,3.170757612238561
986,1,8.13954722301976,4.7119452672811795,8.174272857427068,3.170757612238561
987,1,8.816008491035745,4.7119452672811795,8.238446420787936,3.170757612238561
988,1,8.76560884651787,4.7119452672811795,8.291162663360929,3.170757612238561
989,1,7.817678303541685,4.7119452672811795,8.243814227379005,3.170757612238561
990,1,9.127727841389644,4.7119452672811795,8.332205588780068,3.170757612238561
991,1,7.218643138275853,4.7119452672811795,8.220849343729647,3.170757612238561
992,1,9.033466980650143,4.7119452672811795,8.302111107421696,3.170757612238561
993,1,7.197149979510229,4.7119452672811795,8.19161499463055,3.170757612238561
994,1,9.891780336678567,4.7119452672811795,8.361631528835352,3.170757612238561
995,1,7.557839113336108,4.7119452672811795,8.281252287285428,3.170757612238561
996,1,7.549454934656946,4.7119452672811795,8.20807255202258,3.170757612238561
997,1,7.738780334884858,4.7119452672811795,8.161143330308807,3.170757612238561
998,1,7.774080285783314,4.7119452672811795,8.122437025856257,3.170757612238561
999,1,7.178931366021873,4.7119452672811795,8.028086459872819,3.170757612238561
